Date,Ticker,Open,High,Low,Close,Volume
2022-01-03,AAPL,100.53,102.86,100.29,101.32,8204212
2022-01-04,AAPL,102.0,102.48,100.63,101.18,1103355
2022-01-05,AAPL,98.81,99.75,96.33,97.12,5721339
2022-01-06,AAPL,97.18,97.8,95.21,95.78,9242680
2022-01-07,AAPL,97.56,98.48,97.19,97.47,5056518
2022-01-10,AAPL,98.42,98.8,96.55,97.68,7249859
2022-01-11,AAPL,95.7,96.51,94.99,96.32,1564685
2022-01-12,AAPL,96.88,97.63,95.8,96.31,6517209
2022-01-13,AAPL,98.43,99.46,95.27,97.09,3230919
2022-01-14,AAPL,97.38,98.2,96.98,97.28,1996107
2022-01-17,AAPL,95.67,96.81,94.01,94.78,3121690
2022-01-18,AAPL,95.54,99.5,94.79,98.58,7906726
2022-01-19,AAPL,96.45,97.65,93.91,97.54,1874371
2022-01-20,AAPL,95.97,97.95,95.47,96.52,7216204
2022-01-21,AAPL,95.55,97.56,95.3,96.44,9306461
2022-01-24,AAPL,96.05,97.42,95.22,97.1,3484413
2022-01-25,AAPL,95.75,97.61,93.21,97.33,5422880
2022-01-26,AAPL,96.23,96.39,95.4,95.79,7409907
2022-01-27,AAPL,96.84,96.87,95.0,95.06,3995765
2022-01-28,AAPL,99.93,101.36,98.7,99.77,6031595
2022-01-31,AAPL,100.57,101.95,99.24,101.77,3558231
2022-02-01,AAPL,102.1,103.34,101.32,101.71,7314127
2022-02-02,AAPL,102.08,103.77,102.07,102.87,5336787
2022-02-03,AAPL,99.65,102.13,98.11,101.2,8613287
2022-02-04,AAPL,99.38,100.47,98.35,99.91,3204664
2022-02-07,AAPL,99.25,102.11,99.1,101.1,6184502
2022-02-08,AAPL,98.14,100.27,97.9,99.97,7041495
2022-02-09,AAPL,100.58,102.9,99.41,101.03,5327576
2022-02-10,AAPL,102.83,103.51,100.14,101.13,6072148
2022-02-11,AAPL,102.93,103.82,101.28,102.26,9170528
2022-02-14,AAPL,107.47,108.25,102.58,102.9,7105525
2022-02-15,AAPL,104.25,106.68,102.85,105.31,5103022
2022-02-16,AAPL,102.57,103.57,101.58,101.62,6709840
2022-02-17,AAPL,102.46,103.29,102.1,102.66,7979451
2022-02-18,AAPL,103.05,104.61,101.79,102.25,7545535
2022-02-21,AAPL,102.88,104.07,101.17,102.59,2105534
2022-02-22,AAPL,105.78,107.78,104.76,106.65,3676188
2022-02-23,AAPL,106.91,107.61,104.28,105.8,6491590
2022-02-24,AAPL,109.64,112.19,109.39,111.09,9837590
2022-02-25,AAPL,110.0,112.07,108.73,109.47,1118834
2022-02-28,AAPL,111.1,115.83,110.58,114.0,9849851
2022-03-01,AAPL,115.94,117.34,114.07,114.24,1449395
2022-03-02,AAPL,116.44,117.75,114.59,117.18,4695961
2022-03-03,AAPL,117.3,119.14,116.91,117.72,1803328
2022-03-04,AAPL,114.11,115.38,111.68,114.71,9929860
2022-03-07,AAPL,113.35,117.85,111.9,117.0,1144356
2022-03-08,AAPL,113.5,115.92,112.95,115.23,6738852
2022-03-09,AAPL,113.32,113.82,109.76,109.9,4693305
2022-03-10,AAPL,112.39,114.17,111.75,113.7,1049115
2022-03-11,AAPL,112.52,114.66,110.5,111.94,6246880
2022-03-14,AAPL,113.05,114.31,111.75,113.8,3248988
2022-03-15,AAPL,112.86,114.65,112.33,113.64,4353597
2022-03-16,AAPL,113.57,114.36,112.0,113.02,3989475
2022-03-17,AAPL,113.6,116.12,111.44,113.01,8326434
2022-03-18,AAPL,113.24,115.23,112.62,114.56,2355531
2022-03-21,AAPL,114.62,115.09,112.08,112.37,1898320
2022-03-22,AAPL,116.11,117.09,110.28,110.71,5246238
2022-03-23,AAPL,112.43,113.91,110.07,112.99,2039458
2022-03-24,AAPL,116.41,116.7,113.21,113.57,3276360
2022-03-25,AAPL,117.16,118.53,116.92,118.02,7646705
2022-03-28,AAPL,114.28,115.67,113.92,115.4,7200646
2022-03-29,AAPL,114.07,115.01,112.39,114.65,1448345
2022-03-30,AAPL,111.76,114.93,109.98,113.24,7742471
2022-03-31,AAPL,114.99,115.59,111.93,113.67,6304509
2022-04-01,AAPL,111.08,114.9,109.57,113.94,6747372
2022-04-04,AAPL,113.59,115.17,113.53,114.63,3114792
2022-04-05,AAPL,111.47,114.98,111.31,114.17,6528983
2022-04-06,AAPL,110.13,112.81,108.64,112.63,8686841
2022-04-07,AAPL,109.77,110.61,108.73,109.27,5010912
2022-04-08,AAPL,112.62,113.35,108.62,109.06,9511010
2022-04-11,AAPL,113.45,113.6,112.5,112.58,9416320
2022-04-12,AAPL,111.82,113.36,110.67,111.43,6001045
2022-04-13,AAPL,113.23,113.78,110.26,112.1,4196340
2022-04-14,AAPL,114.0,114.74,111.36,112.89,6692493
2022-04-15,AAPL,110.47,111.21,109.99,110.36,1092193
2022-04-18,AAPL,111.15,112.0,108.87,111.73,3715514
2022-04-19,AAPL,112.8,115.45,109.86,113.92,5100673
2022-04-20,AAPL,112.79,114.61,111.18,112.62,1550222
2022-04-21,AAPL,113.71,116.58,113.16,114.1,5264694
2022-04-22,AAPL,118.05,118.28,114.46,116.11,2854971
2022-04-25,AAPL,115.06,116.64,113.56,114.12,9001482
2022-04-26,AAPL,111.22,111.8,108.61,109.78,6606594
2022-04-27,AAPL,111.53,112.1,109.44,109.99,6279548
2022-04-28,AAPL,113.1,115.52,111.91,112.49,5246049
2022-04-29,AAPL,111.63,112.15,109.44,111.85,4125354
2022-05-02,AAPL,113.27,114.11,110.97,111.62,7160686
2022-05-03,AAPL,109.4,111.78,107.6,110.28,7558221
2022-05-04,AAPL,112.64,113.04,111.18,112.19,2215502
2022-05-05,AAPL,111.58,113.87,109.84,112.42,6642264
2022-05-06,AAPL,113.65,114.64,113.19,113.2,9376430
2022-05-09,AAPL,114.94,117.22,113.0,114.75,6196467
2022-05-10,AAPL,112.55,115.23,111.91,113.64,1944789
2022-05-11,AAPL,109.3,112.06,109.11,112.01,6986126
2022-05-12,AAPL,111.37,113.43,110.28,112.86,9913742
2022-05-13,AAPL,112.49,113.04,108.45,109.15,7681134
2022-05-16,AAPL,109.62,109.63,108.41,109.37,3883427
2022-05-17,AAPL,107.95,111.31,105.79,108.98,9767500
2022-05-18,AAPL,111.97,113.0,110.82,112.92,3719269
2022-05-19,AAPL,109.05,110.47,108.51,110.37,9525631
2022-05-20,AAPL,113.09,113.96,112.28,113.0,4925282
2022-05-23,AAPL,112.57,115.73,111.59,113.38,8817304
2022-05-24,AAPL,112.07,115.41,111.73,114.78,3562469
2022-05-25,AAPL,111.07,112.18,106.65,107.38,1914228
2022-05-26,AAPL,106.53,108.69,105.32,107.1,5537358
2022-05-27,AAPL,107.43,109.13,105.78,106.82,7097091
2022-05-30,AAPL,108.94,109.32,106.86,107.75,5057893
2022-05-31,AAPL,105.08,107.72,101.74,106.73,9514716
2022-06-01,AAPL,105.44,106.36,102.28,103.69,6735193
2022-06-02,AAPL,102.39,103.92,101.17,101.83,5327819
2022-06-03,AAPL,103.37,104.03,101.58,103.19,3792427
2022-06-06,AAPL,106.67,107.14,106.01,106.27,6352825
2022-06-07,AAPL,103.91,104.49,103.51,104.05,1494592
2022-06-08,AAPL,105.83,107.45,102.75,102.91,9900019
2022-06-09,AAPL,104.66,105.76,103.67,105.54,2017433
2022-06-10,AAPL,104.56,106.09,102.99,105.23,1996530
2022-06-13,AAPL,104.09,105.18,101.31,102.02,2045482
2022-06-14,AAPL,102.86,103.03,101.51,101.51,8022336
2022-06-15,AAPL,101.68,103.05,100.59,100.92,8433533
2022-06-16,AAPL,101.32,102.39,100.59,101.84,9976973
2022-06-17,AAPL,102.29,105.5,99.43,103.91,4943645
2022-06-20,AAPL,100.79,101.14,100.64,100.88,6211593
2022-06-21,AAPL,101.36,103.51,99.16,102.26,3602967
2022-06-22,AAPL,99.94,100.95,98.68,99.64,9736347
2022-06-23,AAPL,101.28,102.23,100.32,101.4,1978039
2022-06-24,AAPL,98.63,100.47,97.95,99.76,8229039
2022-06-27,AAPL,100.48,101.41,98.72,98.9,5455214
2022-06-28,AAPL,99.44,100.52,96.71,97.87,8271476
2022-06-29,AAPL,97.74,98.27,97.05,97.44,6499593
2022-06-30,AAPL,97.96,98.08,94.41,96.61,3859244
2022-07-01,AAPL,93.3,95.08,91.57,94.14,2014929
2022-07-04,AAPL,96.36,96.37,95.44,95.51,7238795
2022-07-05,AAPL,93.44,95.69,92.49,94.12,2500844
2022-07-06,AAPL,93.92,95.29,92.13,92.47,4337920
2022-07-07,AAPL,92.93,93.5,90.76,92.06,1876031
2022-07-08,AAPL,93.47,93.69,92.98,93.57,1415008
2022-07-11,AAPL,93.24,93.5,91.11,91.36,2170365
2022-07-12,AAPL,94.56,95.82,89.76,91.27,3704999
2022-07-13,AAPL,90.23,91.75,89.75,91.29,6787749
2022-07-14,AAPL,90.71,90.91,87.56,88.5,8542535
2022-07-15,AAPL,91.01,91.77,89.23,90.47,1464071
2022-07-18,AAPL,88.32,90.38,88.08,90.19,7123769
2022-07-19,AAPL,87.76,88.81,87.22,88.09,9593223
2022-07-20,AAPL,89.64,90.43,88.04,89.29,3547500
2022-07-21,AAPL,90.52,91.65,89.08,89.88,2841648
2022-07-22,AAPL,93.16,94.75,91.9,92.84,5137270
2022-07-25,AAPL,92.75,93.35,92.34,92.5,8904294
2022-07-26,AAPL,95.01,96.45,94.73,94.98,8744064
2022-07-27,AAPL,94.47,95.88,93.6,94.6,4047569
2022-07-28,AAPL,91.51,92.26,91.35,91.63,1910775
2022-07-29,AAPL,91.93,92.64,91.88,92.55,6693075
2022-08-01,AAPL,91.73,92.19,90.65,91.07,4743797
2022-08-02,AAPL,91.47,92.2,89.78,90.73,7666455
2022-08-03,AAPL,92.62,93.65,92.49,93.01,3339767
2022-08-04,AAPL,92.52,93.0,92.22,92.73,9168984
2022-08-05,AAPL,92.24,93.4,89.73,90.53,6809041
2022-08-08,AAPL,90.61,91.3,89.53,91.28,1506079
2022-08-09,AAPL,92.2,94.65,91.18,93.88,8426263
2022-08-10,AAPL,92.9,94.14,92.43,93.38,2730228
2022-08-11,AAPL,95.0,95.46,92.62,92.96,6672605
2022-08-12,AAPL,94.08,94.82,92.38,92.95,9877580
2022-08-15,AAPL,92.93,93.63,91.04,91.63,7493509
2022-08-16,AAPL,96.63,97.77,94.89,95.27,5068316
2022-08-17,AAPL,95.33,95.91,95.11,95.33,3042999
2022-08-18,AAPL,96.6,99.03,96.53,97.5,5421590
2022-08-19,AAPL,94.73,94.9,93.34,93.95,9674163
2022-08-22,AAPL,96.79,97.37,96.45,96.9,4722946
2022-08-23,AAPL,97.08,100.03,95.6,98.97,2847865
2022-08-24,AAPL,96.14,97.92,94.75,96.71,5625678
2022-08-25,AAPL,97.87,99.57,96.27,99.1,6241218
2022-08-26,AAPL,95.86,97.55,94.58,97.39,6290717
2022-08-29,AAPL,97.43,98.83,95.55,95.67,2804673
2022-08-30,AAPL,94.33,96.14,94.3,95.87,4303389
2022-08-31,AAPL,92.14,93.64,91.41,92.93,7737320
2022-09-01,AAPL,94.95,95.2,94.05,94.43,3542637
2022-09-02,AAPL,93.9,97.28,93.7,96.43,9962049
2022-09-05,AAPL,96.05,97.38,94.11,95.16,4882149
2022-09-06,AAPL,97.91,98.48,95.38,96.74,2443717
2022-09-07,AAPL,100.15,101.68,98.97,99.83,7906571
2022-09-08,AAPL,99.67,100.76,98.31,98.43,4829049
2022-09-09,AAPL,100.13,103.45,99.67,101.73,5335702
2022-09-12,AAPL,102.06,103.13,96.69,98.34,4174108
2022-09-13,AAPL,100.29,103.79,100.2,100.8,2940369
2022-09-14,AAPL,99.26,102.33,97.43,97.6,8778748
2022-09-15,AAPL,96.94,97.32,94.95,95.57,3229180
2022-09-16,AAPL,98.7,99.46,95.49,98.55,3363999
2022-09-19,AAPL,97.76,99.78,96.25,98.24,1289102
2022-09-20,AAPL,98.86,100.41,97.17,98.63,7086368
2022-09-21,AAPL,100.15,100.47,98.78,99.06,1388076
2022-09-22,AAPL,98.53,101.91,96.75,100.26,7491878
2022-09-23,AAPL,99.45,100.74,97.55,98.7,1152999
2022-09-26,AAPL,99.35,100.11,96.94,97.09,2042377
2022-09-27,AAPL,101.05,101.21,97.4,98.53,9361735
2022-09-28,AAPL,101.91,102.26,100.37,100.69,2805808
2022-09-29,AAPL,103.28,105.81,102.16,105.63,4622138
2022-09-30,AAPL,102.81,104.14,102.68,103.43,2208052
2022-10-03,AAPL,103.83,104.33,100.34,102.87,5439850
2022-10-04,AAPL,102.62,104.34,101.92,102.36,4184790
2022-10-05,AAPL,98.66,100.51,98.02,100.24,1800101
2022-10-06,AAPL,99.61,100.76,99.46,100.26,5642929
2022-10-07,AAPL,100.56,100.94,98.87,99.38,6416775
2022-10-10,AAPL,100.86,102.23,98.99,101.22,6742533
2022-10-11,AAPL,102.78,103.05,101.04,101.55,9908385
2022-10-12,AAPL,98.93,101.48,98.21,100.9,9545106
2022-10-13,AAPL,100.38,102.65,99.04,101.66,2100500
2022-10-14,AAPL,97.93,101.8,96.96,100.94,4037099
2022-10-17,AAPL,96.78,97.21,95.5,96.51,7579137
2022-10-18,AAPL,93.43,95.19,93.01,94.13,7030489
2022-10-19,AAPL,92.55,96.52,92.06,94.25,3086213
2022-10-20,AAPL,96.07,96.48,95.19,96.4,5156532
2022-10-21,AAPL,94.75,95.54,94.22,95.36,7428540
2022-10-24,AAPL,97.82,98.03,93.72,96.08,5117923
2022-10-25,AAPL,96.11,99.36,96.05,98.31,1175211
2022-10-26,AAPL,95.68,96.7,94.15,96.39,9544291
2022-10-27,AAPL,96.75,97.85,95.63,97.4,2455465
2022-10-28,AAPL,100.1,100.52,98.14,99.19,7002296
2022-10-31,AAPL,97.3,98.54,96.43,97.84,9002619
2022-11-01,AAPL,100.42,100.85,98.15,99.28,4696176
2022-11-02,AAPL,100.21,100.39,99.86,99.99,1863663
2022-11-03,AAPL,97.56,100.01,96.84,98.84,3891005
2022-11-04,AAPL,96.25,97.86,95.11,96.0,6629481
2022-11-07,AAPL,98.22,100.95,97.85,99.33,4258084
2022-11-08,AAPL,97.47,98.43,97.28,97.86,6181057
2022-11-09,AAPL,98.15,98.96,95.0,96.63,2548075
2022-11-10,AAPL,97.91,98.59,95.94,97.85,1780641
2022-11-11,AAPL,96.09,96.25,95.8,95.91,5001070
2022-11-14,AAPL,97.37,97.48,94.96,95.83,6311499
2022-11-15,AAPL,97.66,99.72,97.59,98.34,7127764
2022-11-16,AAPL,99.64,100.07,99.15,99.49,8940879
2022-11-17,AAPL,98.4,99.55,96.2,97.7,4324664
2022-11-18,AAPL,95.17,98.52,93.12,97.44,1233782
2022-11-21,AAPL,97.02,101.06,96.99,99.18,3878117
2022-11-22,AAPL,94.17,96.23,93.61,95.69,3733460
2022-11-23,AAPL,95.59,98.11,93.92,94.79,4368045
2022-11-24,AAPL,93.88,94.36,92.57,93.5,3869729
2022-11-25,AAPL,94.3,94.91,89.88,92.55,1841531
2022-11-28,AAPL,94.68,95.93,92.94,94.42,9336900
2022-11-29,AAPL,95.83,96.15,93.98,94.56,4243087
2022-11-30,AAPL,94.98,96.75,94.39,95.53,9324454
2022-12-01,AAPL,92.96,94.72,92.15,94.32,3430525
2022-12-02,AAPL,93.07,97.39,90.56,95.54,5749766
2022-12-05,AAPL,96.08,96.25,94.95,95.33,9592974
2022-12-06,AAPL,97.04,97.49,94.99,96.13,2726676
2022-12-07,AAPL,96.95,97.37,95.02,95.8,3607411
2022-12-08,AAPL,93.74,94.64,92.58,93.95,9985826
2022-12-09,AAPL,91.31,94.37,90.7,94.17,3726016
2022-12-12,AAPL,94.37,95.14,93.24,93.91,4923227
2022-12-13,AAPL,96.95,97.73,95.44,96.06,8436754
2022-12-14,AAPL,95.45,97.01,94.9,95.96,2673879
2022-12-15,AAPL,95.56,97.73,94.32,95.34,1629085
2022-12-16,AAPL,93.24,94.74,93.21,93.85,6303943
2022-12-19,AAPL,95.99,96.47,93.3,93.56,6137997
2022-12-20,AAPL,94.59,95.33,93.29,93.64,8214938
2022-12-21,AAPL,94.04,95.71,93.54,95.23,4293705
2022-12-22,AAPL,95.64,96.2,93.69,94.91,9181883
2022-12-23,AAPL,93.47,94.27,93.43,94.11,5278384
2022-12-26,AAPL,95.01,97.48,94.76,97.18,3659083
2022-12-27,AAPL,96.41,97.96,95.43,95.9,4895958
2022-12-28,AAPL,96.06,97.88,96.03,97.56,3120539
2022-12-29,AAPL,96.96,97.65,95.76,97.08,2599908
2022-12-30,AAPL,97.9,100.77,96.18,100.2,6949852
2023-01-02,AAPL,97.06,98.72,96.86,97.73,3513024
2023-01-03,AAPL,96.99,97.82,96.19,96.8,4909439
2023-01-04,AAPL,96.37,97.79,95.21,97.4,2116271
2023-01-05,AAPL,96.65,99.2,95.58,97.78,2935090
2023-01-06,AAPL,97.46,97.47,93.77,95.26,5742297
2023-01-09,AAPL,93.48,94.9,91.97,93.15,6276728
2023-01-10,AAPL,91.6,94.18,91.11,93.17,9874883
2023-01-11,AAPL,93.52,95.02,91.47,92.92,4567675
2023-01-12,AAPL,93.52,96.08,93.01,95.3,4287058
2023-01-13,AAPL,93.24,94.81,91.5,94.14,2409854
2023-01-16,AAPL,93.63,95.66,91.89,95.11,3127599
2023-01-17,AAPL,94.2,94.49,91.53,92.81,6289730
2023-01-18,AAPL,93.82,93.98,90.4,91.34,9975708
2023-01-19,AAPL,91.61,92.25,90.21,90.31,3866757
2023-01-20,AAPL,92.51,93.44,92.08,92.13,8232212
2023-01-23,AAPL,92.46,92.87,92.25,92.54,1486799
2023-01-24,AAPL,94.51,94.52,92.47,92.56,5034464
2023-01-25,AAPL,91.62,92.6,90.8,91.87,7208714
2023-01-26,AAPL,92.36,92.85,89.73,90.45,1450930
2023-01-27,AAPL,90.55,91.53,90.27,90.79,6403252
2023-01-30,AAPL,88.96,90.89,88.05,89.86,4284321
2023-01-31,AAPL,90.7,90.91,86.48,87.74,6451973
2023-02-01,AAPL,90.59,91.39,89.74,89.92,7911855
2023-02-02,AAPL,90.89,91.75,88.58,89.2,8370683
2023-02-03,AAPL,89.53,90.84,88.77,89.54,9070297
2023-02-06,AAPL,90.21,91.52,88.41,88.49,3901717
2023-02-07,AAPL,88.04,89.3,87.72,88.73,8440449
2023-02-08,AAPL,90.43,90.5,89.02,89.81,8382003
2023-02-09,AAPL,91.01,91.96,87.83,87.95,2274634
2023-02-10,AAPL,89.08,89.89,87.11,87.69,8601748
2023-02-13,AAPL,88.95,89.9,86.63,87.71,1824143
2023-02-14,AAPL,90.17,91.03,89.73,90.11,8379933
2023-02-15,AAPL,89.86,90.07,89.38,89.85,5226156
2023-02-16,AAPL,88.76,90.27,87.89,90.1,9921334
2023-02-17,AAPL,89.5,90.24,89.23,89.74,4878363
2023-02-20,AAPL,90.39,92.05,90.07,90.42,8946155
2023-02-21,AAPL,89.64,90.15,89.27,89.34,5623636
2023-02-22,AAPL,89.35,91.59,88.98,91.37,3131018
2023-02-23,AAPL,92.71,93.11,91.86,92.23,6710754
2023-02-24,AAPL,91.03,91.46,89.79,90.71,5740039
2023-02-27,AAPL,92.02,93.13,90.48,91.82,6429219
2023-02-28,AAPL,92.13,92.84,91.1,92.25,5058848
2023-03-01,AAPL,90.36,90.88,89.34,90.2,2021469
2023-03-02,AAPL,91.0,92.42,90.72,92.38,1463001
2023-03-03,AAPL,92.56,94.57,92.03,92.67,8130030
2023-03-06,AAPL,93.02,95.76,92.52,94.16,2357453
2023-03-07,AAPL,93.27,94.33,92.87,93.52,3414165
2023-03-08,AAPL,93.54,93.61,92.4,93.48,5900164
2023-03-09,AAPL,92.07,94.41,91.59,94.33,6858338
2023-03-10,AAPL,93.41,97.02,92.76,95.29,5304459
2023-03-13,AAPL,91.43,91.86,89.33,90.63,3770742
2023-03-14,AAPL,90.38,91.52,88.21,91.29,5109803
2023-03-15,AAPL,91.94,93.5,90.91,91.48,3084504
2023-03-16,AAPL,92.44,92.61,90.42,91.89,6353912
2023-03-17,AAPL,89.59,93.03,88.79,91.89,5070028
2023-03-20,AAPL,91.8,92.24,90.15,90.86,9222502
2023-03-21,AAPL,92.37,92.48,89.3,89.44,5961828
2023-03-22,AAPL,92.74,93.7,91.35,91.43,3408630
2023-03-23,AAPL,92.97,93.57,90.35,91.61,4714379
2023-03-24,AAPL,90.19,91.34,89.14,90.57,9312934
2023-03-27,AAPL,91.33,92.69,90.79,91.59,5204955
2023-03-28,AAPL,92.98,94.53,91.41,92.23,2372070
2023-03-29,AAPL,93.25,95.31,93.2,95.02,9494630
2023-03-30,AAPL,97.74,98.05,97.01,97.99,7494503
2023-03-31,AAPL,99.0,100.54,95.51,95.69,9201428
2023-04-03,AAPL,96.64,99.1,96.5,97.79,5201765
2023-04-04,AAPL,98.63,100.35,97.7,99.61,2897501
2023-04-05,AAPL,97.85,98.13,96.01,96.27,7607912
2023-04-06,AAPL,93.7,94.8,91.16,92.63,4887008
2023-04-07,AAPL,96.66,98.71,95.66,98.27,8772580
2023-04-10,AAPL,95.74,97.58,95.2,96.24,6752613
2023-04-11,AAPL,94.88,96.18,93.79,95.92,5701669
2023-04-12,AAPL,96.66,98.17,96.65,97.06,6988099
2023-04-13,AAPL,96.45,96.6,95.7,96.41,4878450
2023-04-14,AAPL,94.1,94.56,93.87,94.34,7049850
2023-04-17,AAPL,95.45,97.49,94.37,95.98,8736484
2023-04-18,AAPL,97.03,98.97,96.61,98.3,7538655
2023-04-19,AAPL,99.27,102.74,99.19,100.69,3844180
2023-04-20,AAPL,100.74,103.06,100.57,101.21,6301358
2023-04-21,AAPL,98.38,100.16,97.54,99.46,7890709
2023-04-24,AAPL,102.55,103.86,100.93,100.96,1239779
2023-04-25,AAPL,102.41,103.01,100.16,102.3,8499412
2023-04-26,AAPL,102.83,103.24,100.82,101.35,4683909
2023-04-27,AAPL,101.05,101.06,99.6,99.99,2143647
2023-04-28,AAPL,98.71,103.28,96.92,102.01,2230746
2023-05-01,AAPL,99.11,105.55,98.89,104.45,2162189
2023-05-02,AAPL,96.86,101.73,96.75,100.04,1125438
2023-05-03,AAPL,101.49,101.63,99.11,100.12,7839789
2023-05-04,AAPL,100.41,104.03,99.32,103.55,6910184
2023-05-05,AAPL,101.04,101.79,100.17,101.25,6124674
2023-05-08,AAPL,103.46,103.9,101.45,102.27,3531528
2023-05-09,AAPL,104.56,105.36,104.2,104.42,3118433
2023-05-10,AAPL,103.01,103.23,102.19,103.08,9607009
2023-05-11,AAPL,103.82,104.38,102.14,104.24,3857281
2023-05-12,AAPL,102.52,103.3,101.33,102.22,3332214
2023-05-15,AAPL,102.19,104.71,102.05,103.12,3250397
2023-05-16,AAPL,102.88,105.35,99.77,103.99,5808163
2023-05-17,AAPL,102.2,104.2,101.4,103.06,2195885
2023-05-18,AAPL,104.05,107.51,103.64,104.63,9066513
2023-05-19,AAPL,101.75,103.56,100.8,102.58,1441904
2022-01-03,MSFT,99.27,101.24,98.42,100.2,2416842
2022-01-04,MSFT,100.54,101.94,100.35,100.86,7428099
2022-01-05,MSFT,101.28,102.09,100.89,101.94,7985945
2022-01-06,MSFT,101.74,102.21,100.19,101.11,2396436
2022-01-07,MSFT,103.53,103.74,101.73,102.36,3464722
2022-01-10,MSFT,101.9,102.9,100.6,100.92,3870574
2022-01-11,MSFT,101.46,102.36,99.27,102.02,4881857
2022-01-12,MSFT,104.74,105.83,102.83,102.91,4852256
2022-01-13,MSFT,105.79,106.24,104.74,104.89,5510784
2022-01-14,MSFT,104.24,105.79,104.07,105.22,4287093
2022-01-17,MSFT,102.47,103.64,100.57,100.79,9357998
2022-01-18,MSFT,99.7,100.61,97.84,98.77,8563493
2022-01-19,MSFT,100.29,101.02,97.15,97.89,3345704
2022-01-20,MSFT,98.61,98.71,96.87,98.39,2886963
2022-01-21,MSFT,102.12,102.92,101.03,102.08,1676296
2022-01-24,MSFT,101.67,103.25,99.79,100.58,1273452
2022-01-25,MSFT,97.62,99.95,97.45,98.33,1762371
2022-01-26,MSFT,101.1,101.31,99.96,100.61,3235883
2022-01-27,MSFT,101.91,102.8,100.28,101.19,9987114
2022-01-28,MSFT,103.04,103.77,100.8,100.86,4948401
2022-01-31,MSFT,100.27,101.06,100.27,100.47,6895725
2022-02-01,MSFT,98.24,98.42,96.73,98.08,3664749
2022-02-02,MSFT,97.69,98.9,97.14,97.58,7928655
2022-02-03,MSFT,98.24,101.06,98.13,100.51,2578315
2022-02-04,MSFT,96.21,97.24,96.05,97.09,6440107
2022-02-07,MSFT,98.29,98.92,97.42,97.9,2449991
2022-02-08,MSFT,98.04,99.55,96.24,96.79,7450219
2022-02-09,MSFT,98.17,98.79,96.13,97.37,6830395
2022-02-10,MSFT,96.39,97.83,95.85,97.09,1479083
2022-02-11,MSFT,95.18,97.0,93.69,96.27,7709914
2022-02-14,MSFT,96.56,98.5,92.51,93.19,6875293
2022-02-15,MSFT,94.51,97.94,93.76,97.28,7760403
2022-02-16,MSFT,95.65,96.36,92.37,93.38,8272003
2022-02-17,MSFT,93.55,97.43,91.09,96.9,5139289
2022-02-18,MSFT,95.0,95.82,94.7,95.67,6968333
2022-02-21,MSFT,96.08,99.07,96.07,97.66,6525724
2022-02-22,MSFT,94.22,94.88,92.92,94.79,3535394
2022-02-23,MSFT,94.39,97.54,94.01,97.11,1686268
2022-02-24,MSFT,98.79,99.58,95.9,99.1,6250295
2022-02-25,MSFT,100.02,100.98,97.28,99.48,4314344
2022-02-28,MSFT,98.88,99.96,97.11,97.77,9080552
2022-03-01,MSFT,97.22,99.62,96.06,98.57,8232024
2022-03-02,MSFT,95.57,96.91,94.9,96.12,4410580
2022-03-03,MSFT,95.25,96.68,94.12,94.6,5896799
2022-03-04,MSFT,95.66,96.86,94.14,96.76,5445818
2022-03-07,MSFT,96.84,99.4,93.83,97.46,9990499
2022-03-08,MSFT,97.63,98.0,96.44,96.85,5784808
2022-03-09,MSFT,97.84,98.27,96.55,97.31,3122827
2022-03-10,MSFT,99.39,99.88,94.49,95.72,3227039
2022-03-11,MSFT,92.85,94.93,92.43,94.87,3570115
2022-03-14,MSFT,96.36,98.13,91.72,93.91,2033668
2022-03-15,MSFT,95.93,96.4,95.16,95.66,9271330
2022-03-16,MSFT,95.75,97.97,94.82,96.53,7508856
2022-03-17,MSFT,94.27,96.69,92.45,95.62,4432207
2022-03-18,MSFT,95.06,95.53,93.17,94.33,7439051
2022-03-21,MSFT,93.04,96.13,91.61,95.53,9362101
2022-03-22,MSFT,92.46,94.0,91.99,93.42,7789408
2022-03-23,MSFT,95.24,96.37,94.52,95.02,2568146
2022-03-24,MSFT,95.8,96.06,94.15,94.52,4469992
2022-03-25,MSFT,95.47,97.37,94.58,95.6,1059778
2022-03-28,MSFT,93.19,94.63,93.0,93.69,9910762
2022-03-29,MSFT,93.56,96.69,92.97,95.01,5256146
2022-03-30,MSFT,97.73,98.72,96.14,97.67,7721635
2022-03-31,MSFT,99.8,101.24,95.36,96.74,9167707
2022-04-01,MSFT,97.53,98.23,95.39,96.12,5840351
2022-04-04,MSFT,97.02,98.04,96.84,97.73,2834907
2022-04-05,MSFT,98.52,99.1,93.58,95.46,8081905
2022-04-06,MSFT,98.44,99.49,98.21,99.2,2897951
2022-04-07,MSFT,95.94,99.55,94.29,98.22,5310518
2022-04-08,MSFT,99.8,101.24,99.6,99.85,9127333
2022-04-11,MSFT,101.42,101.46,99.08,99.76,7766886
2022-04-12,MSFT,99.52,99.82,98.21,98.92,6241684
2022-04-13,MSFT,101.38,103.14,98.07,102.69,7469723
2022-04-14,MSFT,101.59,102.06,97.52,98.84,9074444
2022-04-15,MSFT,99.71,102.35,99.22,101.65,2315823
2022-04-18,MSFT,105.11,105.96,103.09,103.66,4817042
2022-04-19,MSFT,102.55,103.39,99.05,102.06,7086932
2022-04-20,MSFT,104.57,105.13,104.43,105.01,6224237
2022-04-21,MSFT,101.98,104.13,100.89,104.12,6299238
2022-04-22,MSFT,101.05,101.98,99.88,100.36,4891151
2022-04-25,MSFT,101.82,102.19,98.14,99.12,9551795
2022-04-26,MSFT,100.52,101.63,99.6,100.65,6182101
2022-04-27,MSFT,98.94,100.52,97.83,99.94,6272225
2022-04-28,MSFT,103.18,104.6,100.6,101.17,4452814
2022-04-29,MSFT,102.92,103.15,100.76,101.31,5798793
2022-05-02,MSFT,103.37,104.01,100.25,101.33,6113728
2022-05-03,MSFT,104.88,105.84,102.52,102.86,3866457
2022-05-04,MSFT,100.59,102.42,99.48,101.66,6595956
2022-05-05,MSFT,103.72,104.62,101.82,102.79,5860319
2022-05-06,MSFT,102.76,103.7,101.38,102.48,1773952
2022-05-09,MSFT,103.43,103.71,102.9,103.17,2229458
2022-05-10,MSFT,100.43,102.43,99.97,101.17,2493551
2022-05-11,MSFT,99.5,100.71,99.14,100.25,6410897
2022-05-12,MSFT,100.86,102.76,98.56,99.18,6846866
2022-05-13,MSFT,99.61,102.26,98.17,101.44,3059385
2022-05-16,MSFT,98.76,99.86,97.6,97.99,7043995
2022-05-17,MSFT,97.53,99.31,94.52,95.68,8267807
2022-05-18,MSFT,99.61,101.9,98.09,100.82,1282140
2022-05-19,MSFT,101.69,103.33,101.15,101.64,8683647
2022-05-20,MSFT,102.52,104.15,102.14,102.4,6433001
2022-05-23,MSFT,103.47,107.43,103.06,105.57,7236893
2022-05-24,MSFT,102.61,104.45,101.05,103.52,7521689
2022-05-25,MSFT,103.3,107.24,101.04,104.97,2258624
2022-05-26,MSFT,105.45,107.31,103.91,104.22,7671203
2022-05-27,MSFT,105.51,105.53,104.62,105.32,8493971
2022-05-30,MSFT,104.85,105.22,102.22,103.84,8930221
2022-05-31,MSFT,106.29,106.63,105.38,105.88,4649279
2022-06-01,MSFT,104.17,104.63,103.97,104.62,4649886
2022-06-02,MSFT,102.93,105.34,101.07,104.71,9582447
2022-06-03,MSFT,103.26,105.53,102.11,105.5,7184377
2022-06-06,MSFT,108.15,109.28,107.17,107.32,4812010
2022-06-07,MSFT,106.23,109.35,104.24,107.57,6253974
2022-06-08,MSFT,105.41,109.3,104.79,108.34,8040906
2022-06-09,MSFT,107.41,109.24,106.71,109.02,8831038
2022-06-10,MSFT,110.52,111.94,108.29,109.74,8557773
2022-06-13,MSFT,113.52,115.78,110.56,112.87,1243877
2022-06-14,MSFT,115.41,115.77,108.91,110.74,2858997
2022-06-15,MSFT,114.77,115.3,114.39,114.56,3120711
2022-06-16,MSFT,113.96,115.27,113.91,114.04,6759919
2022-06-17,MSFT,118.3,119.02,115.56,116.3,7600430
2022-06-20,MSFT,121.03,122.08,116.53,118.93,6754640
2022-06-21,MSFT,117.29,117.49,114.85,116.65,5197079
2022-06-22,MSFT,114.55,115.75,113.22,114.38,4318843
2022-06-23,MSFT,113.52,116.83,112.38,115.27,2846357
2022-06-24,MSFT,114.69,115.01,113.19,113.8,1134445
2022-06-27,MSFT,115.22,116.2,112.12,115.99,1871535
2022-06-28,MSFT,115.74,116.26,113.95,116.22,3873524
2022-06-29,MSFT,113.45,114.06,110.3,112.14,1597904
2022-06-30,MSFT,115.18,115.81,113.81,115.66,5772945
2022-07-01,MSFT,115.98,118.12,112.48,113.14,8870907
2022-07-04,MSFT,114.58,115.64,111.28,113.04,5303677
2022-07-05,MSFT,114.7,116.3,112.72,116.19,1919134
2022-07-06,MSFT,115.17,115.57,114.4,115.38,8200987
2022-07-07,MSFT,115.0,117.96,114.19,114.48,4637967
2022-07-08,MSFT,115.11,115.92,114.71,115.41,4681890
2022-07-11,MSFT,115.35,117.48,111.99,112.94,2032499
2022-07-12,MSFT,113.17,113.52,111.92,112.87,3806284
2022-07-13,MSFT,112.7,113.22,112.1,113.05,7816080
2022-07-14,MSFT,109.73,110.54,108.82,110.26,5280428
2022-07-15,MSFT,111.21,112.52,110.1,111.69,9471414
2022-07-18,MSFT,106.78,108.27,106.34,106.75,6044829
2022-07-19,MSFT,107.23,109.82,106.45,106.68,2930440
2022-07-20,MSFT,109.84,111.37,109.04,110.37,2308014
2022-07-21,MSFT,107.75,109.39,106.78,109.12,3115226
2022-07-22,MSFT,107.69,109.79,107.11,108.43,8596537
2022-07-25,MSFT,110.2,111.67,109.47,111.48,8058021
2022-07-26,MSFT,111.79,113.13,110.29,110.85,9970512
2022-07-27,MSFT,110.73,113.55,109.08,112.57,9466724
2022-07-28,MSFT,113.07,114.18,110.28,111.38,7853878
2022-07-29,MSFT,115.58,116.39,113.15,113.65,3848439
2022-08-01,MSFT,111.27,113.35,110.56,112.82,4531674
2022-08-02,MSFT,110.26,111.88,109.73,111.82,7519585
2022-08-03,MSFT,110.63,111.6,108.87,109.09,8221352
2022-08-04,MSFT,110.74,114.82,110.48,113.76,5430675
2022-08-05,MSFT,111.84,112.2,108.19,110.02,2160152
2022-08-08,MSFT,110.41,110.5,108.97,110.44,3714766
2022-08-09,MSFT,112.81,114.36,108.82,109.27,9020497
2022-08-10,MSFT,113.25,114.83,109.11,111.39,6381299
2022-08-11,MSFT,111.12,113.8,108.1,109.76,6125819
2022-08-12,MSFT,113.01,113.5,111.9,112.26,2845964
2022-08-15,MSFT,110.15,110.65,108.97,109.44,9521267
2022-08-16,MSFT,109.38,110.56,108.61,108.85,6422569
2022-08-17,MSFT,110.38,112.27,108.96,110.8,5411054
2022-08-18,MSFT,109.1,109.41,108.01,108.32,8144013
2022-08-19,MSFT,110.15,110.44,107.28,108.91,2097996
2022-08-22,MSFT,107.83,109.67,107.35,109.46,2383640
2022-08-23,MSFT,110.98,111.9,108.31,109.61,1337283
2022-08-24,MSFT,114.98,115.13,112.79,113.59,3497934
2022-08-25,MSFT,114.13,114.38,112.47,113.28,4710879
2022-08-26,MSFT,110.38,112.14,108.63,109.02,2765317
2022-08-29,MSFT,114.21,114.99,112.15,112.57,5290447
2022-08-30,MSFT,112.21,113.9,111.36,111.72,5370602
2022-08-31,MSFT,109.88,110.61,107.36,108.61,7572829
2022-09-01,MSFT,110.02,112.4,108.02,111.59,5414011
2022-09-02,MSFT,111.01,111.86,107.85,111.44,3561913
2022-09-05,MSFT,109.06,113.42,108.23,111.39,1888698
2022-09-06,MSFT,113.3,115.41,112.03,114.18,9830852
2022-09-07,MSFT,112.34,113.58,112.15,112.38,9796015
2022-09-08,MSFT,113.33,114.88,108.76,110.72,7424342
2022-09-09,MSFT,109.97,110.18,105.98,107.11,4633646
2022-09-12,MSFT,110.95,111.79,109.3,110.46,3659786
2022-09-13,MSFT,113.6,113.76,111.81,112.64,2414474
2022-09-14,MSFT,112.84,114.12,111.6,113.36,4571387
2022-09-15,MSFT,112.15,114.09,111.3,111.68,9421374
2022-09-16,MSFT,111.45,111.51,109.27,109.47,5128784
2022-09-19,MSFT,109.14,109.54,108.5,108.73,1311385
2022-09-20,MSFT,108.81,111.13,105.65,110.72,1069518
2022-09-21,MSFT,110.06,110.34,105.46,106.73,4199039
2022-09-22,MSFT,109.81,112.33,108.66,111.95,3429151
2022-09-23,MSFT,107.33,108.03,106.89,107.92,8950806
2022-09-26,MSFT,107.75,108.93,104.69,105.6,7262094
2022-09-27,MSFT,108.01,108.91,106.73,108.5,1287635
2022-09-28,MSFT,110.38,113.64,107.05,108.4,6081502
2022-09-29,MSFT,106.92,108.33,103.41,105.27,8323777
2022-09-30,MSFT,110.58,111.81,110.51,111.8,7847575
2022-10-03,MSFT,109.13,111.33,108.39,110.28,4896937
2022-10-04,MSFT,110.67,112.79,108.82,111.47,7436737
2022-10-05,MSFT,110.42,115.45,109.57,114.4,5071867
2022-10-06,MSFT,112.62,115.04,111.76,113.56,6997804
2022-10-07,MSFT,111.63,111.95,108.46,110.8,6232651
2022-10-10,MSFT,107.68,110.81,106.3,108.73,3573697
2022-10-11,MSFT,110.46,112.25,108.15,110.3,2196311
2022-10-12,MSFT,108.91,112.02,108.77,111.68,2652131
2022-10-13,MSFT,112.1,113.07,111.34,111.9,6173395
2022-10-14,MSFT,111.28,112.99,109.93,111.72,3656222
2022-10-17,MSFT,113.59,113.69,109.64,113.25,8970564
2022-10-18,MSFT,112.24,115.06,111.22,114.23,3469970
2022-10-19,MSFT,116.76,118.58,114.24,115.49,3380612
2022-10-20,MSFT,112.6,113.65,112.57,112.96,3670492
2022-10-21,MSFT,113.61,115.12,111.34,114.82,9151168
2022-10-24,MSFT,115.09,116.4,114.46,114.85,2578458
2022-10-25,MSFT,115.09,115.98,113.02,113.73,1671986
2022-10-26,MSFT,117.49,118.02,113.68,116.1,9901674
2022-10-27,MSFT,115.7,118.72,114.96,115.77,9507528
2022-10-28,MSFT,115.33,115.62,113.31,114.58,9745386
2022-10-31,MSFT,116.33,118.3,114.08,115.34,7767835
2022-11-01,MSFT,120.23,122.84,118.58,121.21,4934053
2022-11-02,MSFT,116.95,120.78,116.76,120.33,4875416
2022-11-03,MSFT,119.67,120.09,118.51,118.75,5879797
2022-11-04,MSFT,121.14,122.08,117.62,119.73,9053048
2022-11-07,MSFT,118.39,121.21,117.85,118.68,8110928
2022-11-08,MSFT,117.54,118.49,114.55,117.14,6254230
2022-11-09,MSFT,118.89,119.66,118.21,119.23,8820783
2022-11-10,MSFT,116.36,121.25,115.93,120.25,5799412
2022-11-11,MSFT,118.32,121.09,117.41,120.0,8433980
2022-11-14,MSFT,116.88,119.2,116.29,116.68,8595853
2022-11-15,MSFT,117.19,118.92,116.81,117.72,5805028
2022-11-16,MSFT,119.57,123.49,119.09,120.74,3267357
2022-11-17,MSFT,115.77,118.84,114.63,117.65,8609387
2022-11-18,MSFT,114.52,117.53,113.46,114.07,2613560
2022-11-21,MSFT,116.93,117.34,114.17,116.42,5305665
2022-11-22,MSFT,115.29,118.71,114.61,118.55,1255658
2022-11-23,MSFT,118.91,120.53,118.14,118.9,8313367
2022-11-24,MSFT,119.54,121.03,117.62,118.29,4894456
2022-11-25,MSFT,118.07,118.12,117.17,117.65,5266399
2022-11-28,MSFT,118.53,119.55,117.93,118.61,1126202
2022-11-29,MSFT,117.39,117.64,115.09,115.69,2515554
2022-11-30,MSFT,116.21,119.61,113.33,115.7,5676103
2022-12-01,MSFT,116.33,116.34,115.12,115.27,2251661
2022-12-02,MSFT,115.29,115.76,113.4,113.55,3827754
2022-12-05,MSFT,116.03,116.12,113.38,114.28,9642979
2022-12-06,MSFT,115.49,115.87,114.1,115.27,1190285
2022-12-07,MSFT,115.18,118.78,113.13,117.92,7417115
2022-12-08,MSFT,114.0,116.32,113.24,114.57,7323686
2022-12-09,MSFT,112.56,115.09,110.98,113.9,3402110
2022-12-12,MSFT,116.7,120.52,115.22,118.78,1021650
2022-12-13,MSFT,117.26,118.87,116.23,116.61,6172886
2022-12-14,MSFT,116.44,119.03,114.82,118.12,7730419
2022-12-15,MSFT,116.52,120.12,115.94,117.51,2857845
2022-12-16,MSFT,112.67,114.62,109.76,111.87,6515328
2022-12-19,MSFT,109.51,112.82,108.8,111.64,6904214
2022-12-20,MSFT,111.67,112.36,108.4,109.5,9358827
2022-12-21,MSFT,110.94,111.97,110.57,111.79,5229228
2022-12-22,MSFT,112.48,114.78,112.43,113.53,2587542
2022-12-23,MSFT,114.55,115.46,113.91,115.04,7234408
2022-12-26,MSFT,111.41,114.19,111.27,113.46,7778519
2022-12-27,MSFT,111.91,114.59,111.86,113.12,3583677
2022-12-28,MSFT,110.84,112.23,109.59,110.02,8891784
2022-12-29,MSFT,108.43,109.12,106.34,107.22,2916796
2022-12-30,MSFT,108.43,109.12,107.55,108.51,1239608
2023-01-02,MSFT,104.86,107.56,103.73,107.14,2600720
2023-01-03,MSFT,106.56,109.79,105.76,107.74,9817164
2023-01-04,MSFT,105.85,107.0,102.79,104.69,7741499
2023-01-05,MSFT,105.65,106.5,103.86,105.65,5601318
2023-01-06,MSFT,103.82,105.8,103.64,105.5,2860371
2023-01-09,MSFT,103.38,105.36,102.46,104.11,4615590
2023-01-10,MSFT,107.16,107.56,104.56,105.24,8541714
2023-01-11,MSFT,105.85,106.34,104.56,105.03,9973326
2023-01-12,MSFT,105.87,106.26,105.1,105.23,4884175
2023-01-13,MSFT,105.19,107.06,104.02,106.2,1998899
2023-01-16,MSFT,109.26,110.46,108.79,109.49,3488144
2023-01-17,MSFT,110.27,113.24,109.1,112.34,6088539
2023-01-18,MSFT,112.46,114.88,111.64,113.45,2877779
2023-01-19,MSFT,114.07,114.93,112.0,112.2,9372602
2023-01-20,MSFT,112.18,112.22,110.43,110.99,4708201
2023-01-23,MSFT,108.95,110.77,106.98,110.67,3738384
2023-01-24,MSFT,112.1,113.81,110.73,112.87,6880926
2023-01-25,MSFT,114.23,114.76,113.17,114.51,9113649
2023-01-26,MSFT,117.08,118.06,114.18,114.34,9881111
2023-01-27,MSFT,115.96,116.52,114.02,116.3,5349025
2023-01-30,MSFT,114.28,115.11,113.58,114.96,9795492
2023-01-31,MSFT,113.43,116.1,111.41,114.23,6227541
2023-02-01,MSFT,112.54,114.59,110.1,111.96,5881539
2023-02-02,MSFT,110.45,113.78,110.31,112.89,6441039
2023-02-03,MSFT,112.14,115.73,111.99,115.65,6414229
2023-02-06,MSFT,113.59,113.99,113.26,113.82,6895038
2023-02-07,MSFT,111.48,111.68,107.69,109.26,1534633
2023-02-08,MSFT,109.56,110.19,107.98,109.18,5645289
2023-02-09,MSFT,110.62,110.66,109.44,110.05,2769617
2023-02-10,MSFT,110.53,110.84,107.85,108.46,8857997
2023-02-13,MSFT,110.66,110.84,107.52,108.25,6447483
2023-02-14,MSFT,107.6,110.51,107.51,108.26,6720673
2023-02-15,MSFT,110.08,111.57,108.99,110.25,9862264
2023-02-16,MSFT,110.97,111.87,109.83,109.92,4725530
2023-02-17,MSFT,110.06,113.11,108.38,108.73,3076259
2023-02-20,MSFT,108.61,109.54,106.75,108.34,3708685
2023-02-21,MSFT,107.86,108.42,106.69,106.73,6102367
2023-02-22,MSFT,106.93,107.19,103.11,104.09,1686290
2023-02-23,MSFT,101.62,103.2,101.21,103.08,3465596
2023-02-24,MSFT,103.3,105.76,101.83,102.0,6066447
2023-02-27,MSFT,102.35,102.85,98.79,99.97,1049768
2023-02-28,MSFT,100.55,102.1,99.22,100.69,1297542
2023-03-01,MSFT,103.5,103.83,100.48,100.94,7508526
2023-03-02,MSFT,103.5,105.17,100.26,101.09,7435389
2023-03-03,MSFT,102.46,103.5,102.12,103.35,2187030
2023-03-06,MSFT,102.24,103.98,102.0,102.83,2880164
2023-03-07,MSFT,101.88,103.78,101.66,102.34,5854487
2023-03-08,MSFT,99.27,100.76,99.06,100.29,7606964
2023-03-09,MSFT,104.44,105.27,100.02,101.78,7931344
2023-03-10,MSFT,101.76,102.05,101.15,101.8,5245576
2023-03-13,MSFT,102.1,105.82,101.95,103.99,1827150
2023-03-14,MSFT,102.29,102.32,100.67,101.56,1042137
2023-03-15,MSFT,102.19,105.16,101.0,101.71,2957792
2023-03-16,MSFT,100.18,102.22,99.52,101.34,4891865
2023-03-17,MSFT,103.02,104.36,102.22,103.77,6539004
2023-03-20,MSFT,104.08,107.58,102.2,106.15,7501211
2023-03-21,MSFT,106.43,107.13,102.56,102.8,2350816
2023-03-22,MSFT,102.71,105.46,100.05,104.54,6001945
2023-03-23,MSFT,105.54,107.24,104.66,104.94,5051939
2023-03-24,MSFT,103.45,104.7,103.12,103.66,4439187
2023-03-27,MSFT,107.41,108.59,106.79,107.22,1221421
2023-03-28,MSFT,106.92,107.33,105.16,106.47,2417191
2023-03-29,MSFT,108.83,110.26,108.73,109.86,3993220
2023-03-30,MSFT,108.47,109.03,106.48,107.38,1822564
2023-03-31,MSFT,107.03,110.32,106.59,109.77,2985404
2023-04-03,MSFT,109.98,110.35,109.06,109.25,2048939
2023-04-04,MSFT,108.5,110.71,107.75,110.12,2696609
2023-04-05,MSFT,111.08,111.17,107.71,107.85,9045409
2023-04-06,MSFT,107.68,108.3,107.09,108.29,7226659
2023-04-07,MSFT,107.39,109.46,105.39,106.22,1931253
2023-04-10,MSFT,108.53,109.47,106.51,107.6,3053413
2023-04-11,MSFT,106.59,107.22,105.79,106.04,2220985
2023-04-12,MSFT,106.31,107.14,105.05,106.65,4886932
2023-04-13,MSFT,108.22,109.85,106.54,106.68,1658139
2023-04-14,MSFT,107.01,109.39,106.88,109.36,9688458
2023-04-17,MSFT,106.33,110.27,105.03,108.21,2398558
2023-04-18,MSFT,106.12,106.96,105.57,106.22,7115762
2023-04-19,MSFT,108.45,109.97,107.24,108.62,5960124
2023-04-20,MSFT,106.75,107.88,104.57,106.51,7805080
2023-04-21,MSFT,107.46,108.7,102.05,105.04,3870581
2023-04-24,MSFT,105.11,106.85,103.99,105.51,3681722
2023-04-25,MSFT,104.72,104.97,103.59,104.01,7773329
2023-04-26,MSFT,104.57,107.13,104.44,106.55,5790287
2023-04-27,MSFT,106.8,109.22,106.63,107.74,3080563
2023-04-28,MSFT,106.4,107.08,104.81,105.01,3650527
2023-05-01,MSFT,107.47,107.89,103.85,104.94,9614787
2023-05-02,MSFT,105.88,107.47,104.64,107.21,2200346
2023-05-03,MSFT,106.78,107.86,106.36,107.71,7136062
2023-05-04,MSFT,107.45,111.23,106.52,110.98,6385909
2023-05-05,MSFT,108.7,110.7,105.55,110.01,3417209
2023-05-08,MSFT,110.32,111.67,108.39,109.51,7117682
2023-05-09,MSFT,112.3,112.45,110.9,110.98,3166354
2023-05-10,MSFT,109.93,110.91,108.34,110.5,5025282
2023-05-11,MSFT,111.04,111.37,108.55,110.39,6338744
2023-05-12,MSFT,110.73,115.08,108.93,113.34,8596713
2023-05-15,MSFT,110.14,111.01,109.17,109.54,4522810
2023-05-16,MSFT,110.63,114.34,108.75,113.21,3470856
2023-05-17,MSFT,108.73,111.06,107.17,111.02,2420654
2023-05-18,MSFT,110.77,111.38,110.08,111.38,4992942
2023-05-19,MSFT,112.23,114.87,111.87,114.69,8998883
2022-01-03,SPY,100.89,102.85,99.27,102.28,8377775
2022-01-04,SPY,102.91,103.27,101.73,101.92,4232940
2022-01-05,SPY,103.2,105.14,102.61,103.14,2440352
2022-01-06,SPY,102.1,102.57,100.64,101.95,1123182
2022-01-07,SPY,104.73,106.44,102.15,103.15,4846556
2022-01-10,SPY,104.38,105.22,102.74,103.04,5872587
2022-01-11,SPY,103.13,103.75,102.34,103.47,6169619
2022-01-12,SPY,105.24,107.13,104.18,105.35,4392389
2022-01-13,SPY,103.28,106.34,102.81,105.45,9750519
2022-01-14,SPY,103.34,103.61,101.82,101.97,7563484
2022-01-17,SPY,101.22,102.45,100.64,101.94,6925313
2022-01-18,SPY,103.2,104.8,101.02,101.59,7170022
2022-01-19,SPY,104.75,105.96,103.66,105.48,4163257
2022-01-20,SPY,104.88,106.34,104.69,106.22,6310825
2022-01-21,SPY,106.65,109.51,104.67,108.82,4229065
2022-01-24,SPY,107.65,108.74,104.8,106.16,2131614
2022-01-25,SPY,105.84,107.04,103.79,104.15,8464370
2022-01-26,SPY,105.31,105.64,103.72,104.29,7846090
2022-01-27,SPY,102.9,103.78,101.01,101.08,5209229
2022-01-28,SPY,104.1,104.81,100.08,101.18,3392001
2022-01-31,SPY,102.06,102.74,99.54,100.32,2497116
2022-02-01,SPY,101.37,101.99,98.9,99.43,4807114
2022-02-02,SPY,100.07,101.29,99.95,100.99,8946321
2022-02-03,SPY,102.41,103.09,100.93,100.98,4228409
2022-02-04,SPY,100.34,100.5,100.28,100.31,3535244
2022-02-07,SPY,99.95,102.34,98.85,101.83,5498907
2022-02-08,SPY,96.88,98.18,96.37,97.63,3544544
2022-02-09,SPY,98.6,99.33,97.93,98.82,1659297
2022-02-10,SPY,99.76,100.38,98.79,99.28,3453039
2022-02-11,SPY,96.05,99.78,95.52,99.36,7132469
2022-02-14,SPY,99.38,99.45,97.76,98.66,5327219
2022-02-15,SPY,99.91,100.22,97.43,97.89,6472587
2022-02-16,SPY,97.71,99.51,97.69,98.26,1527169
2022-02-17,SPY,97.56,97.84,96.74,97.11,9536341
2022-02-18,SPY,96.81,99.05,95.53,98.53,5550038
2022-02-21,SPY,97.33,99.76,96.43,98.49,2043423
2022-02-22,SPY,97.37,101.3,96.33,100.48,7616243
2022-02-23,SPY,100.76,101.84,100.66,101.39,8751066
2022-02-24,SPY,100.05,102.76,99.56,101.39,5968901
2022-02-25,SPY,100.78,101.92,99.23,100.05,2398705
2022-02-28,SPY,100.18,101.85,99.4,99.62,3030888
2022-03-01,SPY,101.33,101.97,100.28,101.01,6901179
2022-03-02,SPY,99.11,100.26,98.72,98.73,7824464
2022-03-03,SPY,99.8,101.41,99.47,100.5,2971472
2022-03-04,SPY,99.28,100.49,97.78,98.25,7442399
2022-03-07,SPY,100.13,101.35,98.86,100.96,7636708
2022-03-08,SPY,101.66,102.62,101.5,102.24,7060297
2022-03-09,SPY,101.61,104.15,100.93,103.82,9983278
2022-03-10,SPY,102.86,103.85,102.14,103.55,1722153
2022-03-11,SPY,101.51,102.24,98.92,99.24,6835615
2022-03-14,SPY,104.06,105.45,103.57,104.17,7702705
2022-03-15,SPY,103.92,105.9,103.03,103.53,3315138
2022-03-16,SPY,101.83,104.62,100.54,104.35,7847101
2022-03-17,SPY,104.52,105.89,101.58,103.21,4087686
2022-03-18,SPY,102.51,103.68,102.19,102.84,8310982
2022-03-21,SPY,100.87,103.2,100.59,102.06,5111932
2022-03-22,SPY,101.94,102.14,100.88,101.47,7854795
2022-03-23,SPY,100.13,101.81,99.73,101.79,9526013
2022-03-24,SPY,100.65,101.68,99.16,99.44,1821929
2022-03-25,SPY,96.51,97.83,95.49,97.31,3451976
2022-03-28,SPY,95.76,95.88,94.13,95.72,8356148
2022-03-29,SPY,96.96,97.63,95.22,95.28,9577482
2022-03-30,SPY,95.36,96.03,94.86,95.77,4764040
2022-03-31,SPY,98.43,98.88,95.83,96.81,7562344
2022-04-01,SPY,96.16,96.87,95.81,96.48,2054853
2022-04-04,SPY,96.94,97.18,96.33,96.41,5977037
2022-04-05,SPY,94.66,96.82,93.89,96.58,1296177
2022-04-06,SPY,96.44,97.56,95.04,97.17,7716487
2022-04-07,SPY,94.92,95.5,94.69,95.37,6199039
2022-04-08,SPY,97.32,99.14,94.81,95.78,9677596
2022-04-11,SPY,98.57,102.0,97.15,99.64,9828452
2022-04-12,SPY,98.39,99.29,94.67,96.73,1770802
2022-04-13,SPY,98.65,99.34,97.96,98.45,7405883
2022-04-14,SPY,94.82,95.54,94.09,94.46,8800757
2022-04-15,SPY,94.55,96.06,94.1,94.13,7451406
2022-04-18,SPY,93.52,94.61,91.84,93.69,8527467
2022-04-19,SPY,96.83,97.88,95.4,95.73,1605750
2022-04-20,SPY,93.57,95.31,93.13,94.92,4055068
2022-04-21,SPY,94.76,98.79,94.08,96.18,7976915
2022-04-22,SPY,94.39,94.86,93.97,94.2,8107936
2022-04-25,SPY,94.11,96.43,93.31,93.49,1410275
2022-04-26,SPY,93.51,93.54,92.52,93.36,5785613
2022-04-27,SPY,92.85,93.99,90.89,91.88,9306946
2022-04-28,SPY,90.94,92.35,90.3,91.92,2762204
2022-04-29,SPY,91.46,93.05,91.21,92.12,7118225
2022-05-02,SPY,90.28,90.31,88.68,89.8,4756150
2022-05-03,SPY,89.7,90.41,88.38,90.38,2539998
2022-05-04,SPY,90.77,90.97,89.81,90.54,2528362
2022-05-05,SPY,92.06,92.43,89.91,89.98,7601568
2022-05-06,SPY,93.52,94.06,91.7,92.71,9223269
2022-05-09,SPY,93.03,93.21,90.2,92.02,1376924
2022-05-10,SPY,92.77,95.92,91.9,95.28,5558708
2022-05-11,SPY,91.28,92.64,89.3,90.2,8249602
2022-05-12,SPY,91.69,92.58,88.84,89.46,1784514
2022-05-13,SPY,90.68,92.84,88.29,88.6,6834564
2022-05-16,SPY,89.21,91.7,88.62,91.29,5265630
2022-05-17,SPY,88.05,89.66,87.43,89.57,3107719
2022-05-18,SPY,88.23,90.15,87.5,89.17,1699438
2022-05-19,SPY,87.73,90.27,87.52,90.13,6220761
2022-05-20,SPY,89.33,90.69,87.5,88.13,8722905
2022-05-23,SPY,89.44,90.08,89.36,89.47,1561133
2022-05-24,SPY,90.2,91.19,89.6,91.19,2665418
2022-05-25,SPY,91.69,92.2,89.62,89.86,6641335
2022-05-26,SPY,88.68,90.15,88.06,89.34,8048586
2022-05-27,SPY,88.35,90.75,87.31,87.5,1855817
2022-05-30,SPY,89.19,90.67,89.12,90.25,9085491
2022-05-31,SPY,89.31,92.66,87.0,91.93,2734802
2022-06-01,SPY,88.88,91.18,87.93,89.72,1384533
2022-06-02,SPY,89.15,90.31,87.87,88.98,2508346
2022-06-03,SPY,89.7,90.23,88.97,90.08,2087241
2022-06-06,SPY,92.22,93.58,91.22,92.87,5226660
2022-06-07,SPY,91.94,94.11,90.24,93.34,7337479
2022-06-08,SPY,92.82,94.45,91.83,93.56,6138717
2022-06-09,SPY,94.6,96.12,94.16,94.84,3145943
2022-06-10,SPY,94.93,95.32,93.14,93.54,2844040
2022-06-13,SPY,93.2,95.03,91.76,93.44,4394070
2022-06-14,SPY,91.47,94.01,90.77,93.44,4648338
2022-06-15,SPY,91.03,93.25,90.54,92.59,4453402
2022-06-16,SPY,90.29,92.76,88.87,92.12,2216733
2022-06-17,SPY,90.48,92.6,89.94,92.08,1522797
2022-06-20,SPY,91.36,92.47,91.22,91.26,8175173
2022-06-21,SPY,91.37,92.19,89.68,90.04,2147417
2022-06-22,SPY,89.38,90.2,89.28,90.17,2314530
2022-06-23,SPY,91.0,91.45,89.07,90.62,6174895
2022-06-24,SPY,89.99,90.05,89.24,89.28,2363307
2022-06-27,SPY,92.42,93.18,90.32,91.2,1190477
2022-06-28,SPY,91.71,93.31,90.53,93.02,3182931
2022-06-29,SPY,88.94,93.23,88.14,91.54,8913436
2022-06-30,SPY,89.78,90.73,88.13,88.73,9963287
2022-07-01,SPY,85.74,87.11,84.82,85.37,1824255
2022-07-04,SPY,89.53,90.65,89.08,90.44,6023331
2022-07-05,SPY,89.3,89.97,87.47,89.2,9213140
2022-07-06,SPY,88.53,88.54,88.03,88.13,9549906
2022-07-07,SPY,89.34,91.74,89.09,90.33,8017191
2022-07-08,SPY,91.27,92.0,91.07,91.52,2892508
2022-07-11,SPY,89.85,90.2,88.31,89.05,2947012
2022-07-12,SPY,90.16,90.59,87.92,89.79,4816707
2022-07-13,SPY,89.97,90.22,89.77,89.78,8593832
2022-07-14,SPY,88.28,89.12,87.58,87.6,2013295
2022-07-15,SPY,89.2,89.98,87.24,89.1,9757529
2022-07-18,SPY,86.22,88.36,85.83,87.78,6371045
2022-07-19,SPY,88.58,89.29,87.61,87.87,4690339
2022-07-20,SPY,87.32,87.65,85.77,86.66,9095979
2022-07-21,SPY,86.65,88.66,86.29,87.98,2173077
2022-07-22,SPY,87.2,87.51,85.15,85.81,1519676
2022-07-25,SPY,88.64,88.93,85.54,86.46,7916950
2022-07-26,SPY,87.51,89.33,87.38,88.23,5411045
2022-07-27,SPY,89.88,90.75,85.27,86.66,7528925
2022-07-28,SPY,87.34,89.91,86.47,88.7,3959532
2022-07-29,SPY,90.14,91.33,88.28,90.6,6131131
2022-08-01,SPY,90.94,92.73,88.68,90.6,1529983
2022-08-02,SPY,89.54,89.66,86.26,87.92,6617492
2022-08-03,SPY,90.35,90.42,87.97,88.71,3543173
2022-08-04,SPY,88.63,88.92,86.22,88.86,7061782
2022-08-05,SPY,91.66,93.92,90.2,92.69,2286793
2022-08-08,SPY,93.67,95.48,92.58,92.72,9649769
2022-08-09,SPY,94.15,95.24,91.79,92.67,8551506
2022-08-10,SPY,92.06,93.9,91.77,93.37,6768076
2022-08-11,SPY,91.01,92.51,90.23,90.34,8763412
2022-08-12,SPY,95.07,96.34,94.55,94.61,2085110
2022-08-15,SPY,95.03,96.02,93.63,94.22,7210239
2022-08-16,SPY,96.19,96.62,95.79,96.21,5818060
2022-08-17,SPY,95.75,96.39,93.83,94.75,1608919
2022-08-18,SPY,96.04,96.79,95.02,95.92,6924216
2022-08-19,SPY,97.35,98.11,95.55,97.16,1115064
2022-08-22,SPY,96.32,96.84,94.71,96.0,4058321
2022-08-23,SPY,95.53,97.29,95.45,97.19,9762529
2022-08-24,SPY,99.41,100.59,97.46,98.41,4615383
2022-08-25,SPY,98.13,100.13,98.09,99.21,5151910
2022-08-26,SPY,100.4,103.11,99.24,101.39,3497838
2022-08-29,SPY,100.3,100.6,99.61,100.06,8402633
2022-08-30,SPY,100.93,102.86,99.64,99.99,4410331
2022-08-31,SPY,102.43,104.5,100.16,101.56,4019332
2022-09-01,SPY,102.86,106.72,102.84,105.95,6202753
2022-09-02,SPY,103.84,104.93,102.39,104.43,8940312
2022-09-05,SPY,103.58,106.7,102.83,106.44,7361293
2022-09-06,SPY,105.12,105.89,104.56,105.58,3020148
2022-09-07,SPY,103.81,105.24,100.86,102.55,6973721
2022-09-08,SPY,105.35,105.79,104.15,104.72,9196722
2022-09-09,SPY,103.17,105.77,101.39,102.83,6131547
2022-09-12,SPY,101.98,103.54,101.96,102.23,2362270
2022-09-13,SPY,100.61,102.82,100.29,101.65,7868546
2022-09-14,SPY,102.58,102.94,102.25,102.77,6547631
2022-09-15,SPY,101.35,102.13,99.25,99.93,8397803
2022-09-16,SPY,101.3,101.54,99.49,100.39,5880779
2022-09-19,SPY,101.35,101.78,100.98,101.55,4743382
2022-09-20,SPY,103.78,104.07,103.78,104.04,2797355
2022-09-21,SPY,104.22,105.34,100.78,101.85,2436052
2022-09-22,SPY,100.99,102.79,99.71,101.96,4104379
2022-09-23,SPY,103.45,104.1,102.58,103.17,1036051
2022-09-26,SPY,100.81,102.82,99.8,101.32,8656575
2022-09-27,SPY,101.39,102.58,101.15,102.49,4732529
2022-09-28,SPY,99.4,101.79,98.48,100.24,6244899
2022-09-29,SPY,101.64,105.27,101.59,103.91,6176367
2022-09-30,SPY,104.41,105.33,102.98,104.9,2308396
2022-10-03,SPY,103.07,105.23,100.92,103.61,3232821
2022-10-04,SPY,102.31,104.05,100.6,104.04,6769537
2022-10-05,SPY,102.11,104.74,101.28,103.41,8878239
2022-10-06,SPY,103.2,103.33,100.32,100.82,1415162
2022-10-07,SPY,101.99,102.58,99.53,102.56,4884036
2022-10-10,SPY,101.42,102.54,100.48,101.08,1684143
2022-10-11,SPY,103.04,104.26,102.05,103.9,2664069
2022-10-12,SPY,100.54,105.01,100.07,102.98,5975279
2022-10-13,SPY,103.72,105.14,103.36,104.26,1502939
2022-10-14,SPY,105.47,105.82,101.43,102.25,1826278
2022-10-17,SPY,104.05,106.27,103.13,105.61,6402066
2022-10-18,SPY,105.67,107.24,103.51,105.77,8436391
2022-10-19,SPY,104.85,105.88,102.65,102.9,5745059
2022-10-20,SPY,103.51,103.76,102.24,103.55,1826580
2022-10-21,SPY,105.9,105.92,103.86,104.12,1230487
2022-10-24,SPY,102.61,102.97,102.1,102.37,3548965
2022-10-25,SPY,102.13,102.78,101.03,101.34,4299596
2022-10-26,SPY,100.62,104.59,100.53,101.75,5154238
2022-10-27,SPY,102.01,103.19,101.84,103.1,6884902
2022-10-28,SPY,101.55,105.29,101.3,104.59,5270358
2022-10-31,SPY,103.83,104.92,103.62,104.63,8589077
2022-11-01,SPY,101.79,102.42,100.77,101.73,9136992
2022-11-02,SPY,103.12,104.53,100.62,100.68,7496776
2022-11-03,SPY,104.13,104.67,102.77,103.96,6090749
2022-11-04,SPY,101.45,103.21,99.91,101.04,8837958
2022-11-07,SPY,102.18,103.94,102.16,102.39,2840087
2022-11-08,SPY,97.9,99.5,96.71,99.24,8982512
2022-11-09,SPY,95.2,97.13,94.48,97.01,4652461
2022-11-10,SPY,94.69,96.91,93.95,95.45,1656228
2022-11-11,SPY,94.29,95.11,93.62,94.55,9985040
2022-11-14,SPY,92.9,93.4,92.8,92.81,1887743
2022-11-15,SPY,93.17,93.96,92.99,93.87,5119586
2022-11-16,SPY,95.22,95.88,94.47,94.63,6291462
2022-11-17,SPY,91.24,92.82,90.69,92.53,4509312
2022-11-18,SPY,94.51,96.33,94.39,94.44,4792212
2022-11-21,SPY,91.94,93.54,91.91,92.64,1352935
2022-11-22,SPY,89.45,91.74,88.54,91.15,4751413
2022-11-23,SPY,91.87,92.89,90.82,92.06,5847828
2022-11-24,SPY,92.71,92.73,91.19,91.89,9119363
2022-11-25,SPY,93.82,93.85,92.75,93.35,6177580
2022-11-28,SPY,97.62,97.67,94.79,96.29,3141572
2022-11-29,SPY,95.05,96.47,93.95,95.39,4748688
2022-11-30,SPY,91.96,95.42,91.44,93.88,2497060
2022-12-01,SPY,90.18,92.28,90.06,92.05,9550162
2022-12-02,SPY,91.02,91.84,90.79,91.38,1121284
2022-12-05,SPY,90.16,93.75,89.43,90.41,6959429
2022-12-06,SPY,89.53,89.84,87.0,88.74,8470471
2022-12-07,SPY,90.35,90.55,89.51,90.22,5512761
2022-12-08,SPY,89.42,90.69,89.18,89.8,1818408
2022-12-09,SPY,88.75,89.3,86.78,88.42,6297484
2022-12-12,SPY,89.25,92.78,89.05,91.78,7527595
2022-12-13,SPY,89.46,92.11,89.26,90.24,6857241
2022-12-14,SPY,89.5,91.24,89.22,90.74,7675789
2022-12-15,SPY,91.49,94.98,90.23,94.19,3004358
2022-12-16,SPY,94.34,94.88,91.79,92.82,4152981
2022-12-19,SPY,94.78,95.23,92.46,93.38,2053580
2022-12-20,SPY,95.62,96.24,95.46,95.96,1890648
2022-12-21,SPY,97.89,99.21,97.26,98.9,6730681
2022-12-22,SPY,98.35,99.37,95.59,95.79,3308963
2022-12-23,SPY,97.66,99.88,97.06,99.72,4731784
2022-12-26,SPY,101.14,101.59,97.86,98.7,2987881
2022-12-27,SPY,100.64,102.64,100.21,102.44,8144065
2022-12-28,SPY,104.79,105.56,102.21,103.12,3265545
2022-12-29,SPY,104.1,106.12,102.97,105.23,8465439
2022-12-30,SPY,103.89,104.95,102.12,102.64,7982263
2023-01-02,SPY,104.62,104.64,101.62,103.31,9430800
2023-01-03,SPY,100.71,101.52,100.0,101.24,1947226
2023-01-04,SPY,101.35,101.44,99.12,100.99,8575867
2023-01-05,SPY,101.61,102.74,101.47,102.02,4393757
2023-01-06,SPY,101.87,103.67,99.66,100.74,1003212
2023-01-09,SPY,100.36,101.48,99.64,100.66,1325737
2023-01-10,SPY,101.26,101.69,99.92,100.8,6467977
2023-01-11,SPY,99.11,100.49,98.14,100.3,7892559
2023-01-12,SPY,99.31,101.23,98.73,101.04,5972863
2023-01-13,SPY,102.18,102.83,101.78,102.14,3402112
2023-01-16,SPY,104.31,105.45,103.07,104.05,9091620
2023-01-17,SPY,103.64,106.2,103.3,104.79,3755916
2023-01-18,SPY,104.07,106.53,102.8,105.56,1901334
2023-01-19,SPY,105.13,105.58,102.91,104.72,5301264
2023-01-20,SPY,107.02,108.54,103.9,104.76,8396911
2023-01-23,SPY,106.06,107.09,102.96,103.92,1742476
2023-01-24,SPY,107.52,107.76,106.02,106.22,4671013
2023-01-25,SPY,105.98,106.84,105.96,106.74,2396167
2023-01-26,SPY,105.79,106.32,101.5,101.78,4476732
2023-01-27,SPY,103.52,107.5,102.5,105.55,6887136
2023-01-30,SPY,104.28,105.57,103.46,104.54,6669453
2023-01-31,SPY,104.09,105.5,103.17,104.24,7588209
2023-02-01,SPY,102.96,106.53,102.25,104.88,8807699
2023-02-02,SPY,106.54,107.16,103.71,104.34,5775634
2023-02-03,SPY,109.46,111.49,106.37,110.5,3844140
2023-02-06,SPY,105.7,108.5,104.37,107.38,7106825
2023-02-07,SPY,106.17,108.29,104.67,106.84,8572307
2023-02-08,SPY,107.94,110.93,107.39,110.8,6366434
2023-02-09,SPY,106.05,106.63,103.66,105.06,5890552
2023-02-10,SPY,106.87,108.24,105.52,107.63,4783203
2023-02-13,SPY,107.43,107.59,106.22,107.06,2094096
2023-02-14,SPY,108.8,109.99,108.8,109.62,7939191
2023-02-15,SPY,108.31,108.91,107.43,107.76,2542549
2023-02-16,SPY,109.71,109.78,107.43,107.73,5453595
2023-02-17,SPY,107.71,109.74,107.46,109.35,9882014
2023-02-20,SPY,109.53,110.52,108.04,110.33,7113924
2023-02-21,SPY,107.02,110.94,106.51,109.97,3969554
2023-02-22,SPY,108.56,108.95,108.02,108.86,7383244
2023-02-23,SPY,110.16,111.32,109.23,111.02,1929441
2023-02-24,SPY,109.33,110.03,108.98,109.97,2533755
2023-02-27,SPY,112.43,112.85,109.46,110.15,2884624
2023-02-28,SPY,110.89,113.81,108.48,113.59,9658202
2023-03-01,SPY,113.13,114.38,112.39,113.65,6974550
2023-03-02,SPY,111.39,112.8,110.11,111.24,6407214
2023-03-03,SPY,109.44,110.87,109.36,110.32,3117709
2023-03-06,SPY,115.0,115.36,112.52,112.73,5688148
2023-03-07,SPY,114.45,114.66,114.34,114.37,7154728
2023-03-08,SPY,117.49,118.14,115.18,115.23,1932280
2023-03-09,SPY,116.32,121.72,116.28,119.24,3553540
2023-03-10,SPY,118.52,119.33,114.27,115.03,6719347
2023-03-13,SPY,117.68,118.79,115.34,117.02,6675919
2023-03-14,SPY,116.12,118.72,115.9,117.14,8169675
2023-03-15,SPY,115.19,118.41,113.78,118.27,3579669
2023-03-16,SPY,114.66,115.24,112.89,115.08,4167950
2023-03-17,SPY,116.66,118.91,112.93,115.0,4287023
2023-03-20,SPY,109.88,113.48,108.43,111.82,7339378
2023-03-21,SPY,110.39,111.22,109.74,110.76,7189811
2023-03-22,SPY,112.2,112.9,111.22,112.02,8458226
2023-03-23,SPY,109.83,111.07,107.63,109.07,7590716
2023-03-24,SPY,110.78,111.65,110.22,110.6,1321345
2023-03-27,SPY,112.73,113.67,110.04,111.18,1028004
2023-03-28,SPY,109.32,110.36,108.16,108.89,8180096
2023-03-29,SPY,107.57,110.85,106.05,110.4,8793067
2023-03-30,SPY,108.56,111.16,107.72,110.57,2170025
2023-03-31,SPY,107.57,108.91,106.86,107.95,1199041
2023-04-03,SPY,109.45,110.03,108.12,108.76,7578768
2023-04-04,SPY,111.96,112.15,108.49,111.16,7672121
2023-04-05,SPY,111.01,112.48,108.65,109.23,2216953
2023-04-06,SPY,112.66,113.86,110.41,112.57,4456979
2023-04-07,SPY,110.14,111.74,109.78,111.6,4197526
2023-04-10,SPY,110.77,113.34,110.3,112.02,6211536
2023-04-11,SPY,110.31,110.86,110.12,110.63,8822789
2023-04-12,SPY,110.65,111.41,108.59,109.25,6692183
2023-04-13,SPY,109.25,111.82,108.59,110.81,9849973
2023-04-14,SPY,110.96,112.06,110.31,111.64,6891732
2023-04-17,SPY,112.35,113.87,108.45,109.75,6201774
2023-04-18,SPY,111.52,112.83,111.47,112.14,7001827
2023-04-19,SPY,111.05,113.07,111.03,112.19,7271245
2023-04-20,SPY,114.91,116.13,114.7,115.1,5070936
2023-04-21,SPY,117.26,118.95,116.9,117.92,5444279
2023-04-24,SPY,114.73,115.51,112.43,113.64,8490651
2023-04-25,SPY,115.27,116.03,115.02,115.73,8154474
2023-04-26,SPY,113.31,114.95,112.53,114.88,5262911
2023-04-27,SPY,113.41,116.83,113.13,116.51,5072660
2023-04-28,SPY,115.66,118.07,112.72,115.26,6065719
2023-05-01,SPY,113.19,115.52,112.63,114.64,2519546
2023-05-02,SPY,114.88,116.36,113.12,113.33,5830668
2023-05-03,SPY,113.72,114.29,113.23,113.5,2268430
2023-05-04,SPY,117.93,120.02,114.36,115.27,3602021
2023-05-05,SPY,117.92,118.36,114.35,115.56,2746659
2023-05-08,SPY,119.36,121.73,116.62,116.93,6890681
2023-05-09,SPY,118.65,119.54,116.64,118.46,6586551
2023-05-10,SPY,118.52,119.7,116.71,117.52,4027880
2023-05-11,SPY,118.01,118.47,116.87,116.9,6077831
2023-05-12,SPY,114.55,118.77,111.57,118.12,7232238
2023-05-15,SPY,118.66,119.37,116.94,119.15,1816473
2023-05-16,SPY,117.75,117.98,114.28,115.24,3729974
2023-05-17,SPY,116.53,118.33,115.6,117.01,6124595
2023-05-18,SPY,118.53,119.82,113.89,115.83,7982805
2023-05-19,SPY,116.14,118.86,114.55,118.49,5998710
2022-01-03,TSLA,102.14,102.32,99.77,100.09,4850404
2022-01-04,TSLA,101.7,102.15,98.05,99.03,8659564
2022-01-05,TSLA,101.03,103.01,99.47,102.28,5650100
2022-01-06,TSLA,101.58,102.93,100.88,100.94,3212292
2022-01-07,TSLA,98.77,101.4,97.72,100.43,3048880
2022-01-10,TSLA,98.38,99.11,98.02,98.64,2485619
2022-01-11,TSLA,99.52,100.45,95.81,97.48,8919710
2022-01-12,TSLA,102.08,105.15,98.82,99.39,6800629
2022-01-13,TSLA,101.13,101.45,97.92,98.6,2199529
2022-01-14,TSLA,101.94,103.12,100.75,102.91,7017004
2022-01-17,TSLA,100.55,101.98,99.75,101.44,6212360
2022-01-18,TSLA,99.06,99.74,97.44,99.41,7453859
2022-01-19,TSLA,99.11,99.41,98.36,98.87,4073961
2022-01-20,TSLA,99.36,99.76,96.4,97.5,7874399
2022-01-21,TSLA,99.58,101.46,97.75,101.38,6948491
2022-01-24,TSLA,100.19,102.53,99.41,101.7,6474106
2022-01-25,TSLA,100.07,101.81,99.84,101.76,9601594
2022-01-26,TSLA,100.21,100.44,97.88,98.91,5079430
2022-01-27,TSLA,98.52,100.91,97.88,99.34,9336562
2022-01-28,TSLA,100.08,100.14,98.54,99.03,3940107
2022-01-31,TSLA,98.59,98.94,98.02,98.37,7184398
2022-02-01,TSLA,97.12,97.57,95.19,97.47,2808516
2022-02-02,TSLA,100.4,101.92,97.75,98.94,7848829
2022-02-03,TSLA,99.52,99.52,96.97,97.22,6583161
2022-02-04,TSLA,97.23,100.26,95.56,99.69,2399298
2022-02-07,TSLA,99.03,100.08,96.24,96.36,3858214
2022-02-08,TSLA,97.58,98.49,97.44,97.45,2255959
2022-02-09,TSLA,95.04,96.07,93.46,94.39,6023198
2022-02-10,TSLA,94.31,96.45,93.79,96.09,4246849
2022-02-11,TSLA,95.1,96.26,94.0,95.02,3664921
2022-02-14,TSLA,93.69,94.38,93.54,94.1,1984588
2022-02-15,TSLA,93.2,94.44,91.55,94.25,8496196
2022-02-16,TSLA,95.1,96.35,94.67,95.14,1212204
2022-02-17,TSLA,95.2,97.05,93.92,97.03,9325857
2022-02-18,TSLA,95.23,97.94,95.01,97.24,6607423
2022-02-21,TSLA,96.1,97.77,95.67,96.77,9057907
2022-02-22,TSLA,96.91,98.75,95.08,98.22,3593449
2022-02-23,TSLA,97.27,97.7,94.71,97.35,4258881
2022-02-24,TSLA,96.65,97.4,94.84,94.99,5529943
2022-02-25,TSLA,93.65,97.21,93.13,95.98,5187694
2022-02-28,TSLA,92.83,94.87,92.35,94.32,8986322
2022-03-01,TSLA,94.34,97.44,93.18,96.1,7779651
2022-03-02,TSLA,96.82,99.7,96.38,98.61,1541797
2022-03-03,TSLA,95.82,97.22,95.48,96.37,8514782
2022-03-04,TSLA,95.66,98.35,95.51,96.9,8467133
2022-03-07,TSLA,95.94,98.18,95.33,98.07,2180859
2022-03-08,TSLA,94.03,95.81,93.06,95.3,9915948
2022-03-09,TSLA,95.15,97.39,94.7,97.23,5151951
2022-03-10,TSLA,95.87,98.01,94.4,94.62,5066981
2022-03-11,TSLA,98.35,99.07,93.8,95.73,5668223
2022-03-14,TSLA,93.54,94.14,93.43,94.08,2223981
2022-03-15,TSLA,94.63,96.61,94.54,95.77,2734428
2022-03-16,TSLA,97.71,98.93,96.81,96.94,9045391
2022-03-17,TSLA,97.09,99.87,96.76,98.12,4330263
2022-03-18,TSLA,98.5,99.21,97.54,98.71,9234025
2022-03-21,TSLA,98.6,99.51,97.81,99.13,8709824
2022-03-22,TSLA,98.72,99.89,96.64,98.25,1910913
2022-03-23,TSLA,100.98,101.55,99.18,100.21,5876691
2022-03-24,TSLA,100.98,102.05,97.64,98.82,6509165
2022-03-25,TSLA,99.92,101.81,99.79,101.31,4336640
2022-03-28,TSLA,100.73,102.26,98.84,101.97,3845376
2022-03-29,TSLA,101.92,106.11,100.7,103.86,8939174
2022-03-30,TSLA,103.87,104.24,102.65,103.15,2847199
2022-03-31,TSLA,100.95,101.65,100.57,101.5,4460096
2022-04-01,TSLA,100.01,101.03,99.0,99.53,7621778
2022-04-04,TSLA,103.12,104.27,102.2,103.91,9033651
2022-04-05,TSLA,105.07,105.32,102.33,103.65,1024363
2022-04-06,TSLA,101.6,103.87,101.04,103.81,2498447
2022-04-07,TSLA,101.62,102.51,97.77,99.71,7130158
2022-04-08,TSLA,100.85,102.28,100.45,101.77,4010129
2022-04-11,TSLA,101.78,103.75,100.33,101.41,1239647
2022-04-12,TSLA,102.61,102.93,102.55,102.82,9158781
2022-04-13,TSLA,103.31,104.21,100.11,101.58,7723000
2022-04-14,TSLA,100.61,101.07,100.05,100.97,1424190
2022-04-15,TSLA,102.18,102.96,101.55,102.83,1898628
2022-04-18,TSLA,104.24,104.54,103.36,103.88,3707929
2022-04-19,TSLA,103.6,105.49,102.03,102.61,9323880
2022-04-20,TSLA,106.29,107.02,105.08,105.89,6185356
2022-04-21,TSLA,106.01,106.98,105.34,105.83,3505700
2022-04-22,TSLA,102.26,105.13,101.55,103.38,9063001
2022-04-25,TSLA,105.07,106.76,102.49,103.5,1259425
2022-04-26,TSLA,104.68,105.94,104.17,105.57,3444913
2022-04-27,TSLA,104.01,105.76,103.03,105.45,3759374
2022-04-28,TSLA,106.37,107.85,103.59,106.76,2761201
2022-04-29,TSLA,106.12,107.95,104.81,105.75,3757398
2022-05-02,TSLA,106.07,107.71,103.97,106.86,8793604
2022-05-03,TSLA,111.49,111.55,108.84,109.15,7749977
2022-05-04,TSLA,107.87,108.75,106.84,106.97,1158253
2022-05-05,TSLA,113.11,113.34,110.76,111.54,8753638
2022-05-06,TSLA,111.48,112.03,110.44,111.92,5289639
2022-05-09,TSLA,110.77,113.64,110.14,113.32,1353153
2022-05-10,TSLA,110.69,111.38,109.62,110.96,1234898
2022-05-11,TSLA,110.59,113.77,109.82,112.68,6232190
2022-05-12,TSLA,112.38,113.67,112.37,113.16,3784975
2022-05-13,TSLA,116.01,116.87,113.2,113.94,1516394
2022-05-16,TSLA,111.56,113.34,110.37,112.16,9090433
2022-05-17,TSLA,114.46,114.69,113.06,113.64,9125248
2022-05-18,TSLA,116.11,116.4,113.79,114.72,6207188
2022-05-19,TSLA,116.65,117.33,114.97,115.07,3032656
2022-05-20,TSLA,116.83,118.72,116.41,118.24,1377224
2022-05-23,TSLA,115.94,115.99,114.69,114.96,2942120
2022-05-24,TSLA,117.49,121.79,116.82,120.76,4614705
2022-05-25,TSLA,119.49,120.76,119.1,119.28,3429700
2022-05-26,TSLA,122.48,124.27,122.44,123.29,8872277
2022-05-27,TSLA,121.51,123.88,119.01,123.39,1065867
2022-05-30,TSLA,122.9,124.3,122.75,123.16,2268182
2022-05-31,TSLA,122.5,125.7,121.69,124.96,6615829
2022-06-01,TSLA,122.94,123.52,119.18,120.67,7615492
2022-06-02,TSLA,120.09,122.96,119.6,121.94,4456800
2022-06-03,TSLA,122.58,125.42,120.86,121.81,3348818
2022-06-06,TSLA,122.27,123.59,120.15,120.24,9438856
2022-06-07,TSLA,119.86,121.66,116.98,117.47,5236258
2022-06-08,TSLA,123.88,123.94,121.04,121.45,5658575
2022-06-09,TSLA,121.22,121.8,117.53,119.86,4999143
2022-06-10,TSLA,120.49,121.94,118.64,119.63,7110341
2022-06-13,TSLA,122.14,122.95,118.81,119.93,7951740
2022-06-14,TSLA,118.26,122.56,117.0,121.39,9135800
2022-06-15,TSLA,124.28,125.92,122.51,123.59,7380858
2022-06-16,TSLA,122.25,124.99,120.17,124.74,6824648
2022-06-17,TSLA,125.55,126.29,122.23,122.99,9218723
2022-06-20,TSLA,124.04,126.93,123.69,125.78,5197739
2022-06-21,TSLA,124.16,125.61,122.49,123.14,7574922
2022-06-22,TSLA,123.93,124.36,122.86,123.29,1544653
2022-06-23,TSLA,127.27,127.41,123.3,124.06,5959691
2022-06-24,TSLA,124.27,127.87,123.46,127.8,7820399
2022-06-27,TSLA,123.74,125.72,122.71,124.41,6211276
2022-06-28,TSLA,121.65,125.36,121.19,124.3,9571632
2022-06-29,TSLA,122.82,124.35,120.49,120.77,2721742
2022-06-30,TSLA,117.71,118.85,115.25,116.4,7423841
2022-07-01,TSLA,118.16,119.88,117.57,119.74,6446342
2022-07-04,TSLA,120.27,120.57,118.43,119.64,2902871
2022-07-05,TSLA,118.82,120.09,117.43,118.38,9468579
2022-07-06,TSLA,119.76,120.98,117.35,118.57,7779617
2022-07-07,TSLA,117.14,117.68,115.08,116.47,2502718
2022-07-08,TSLA,117.6,121.01,117.47,118.8,5122990
2022-07-11,TSLA,119.82,121.44,116.59,118.12,1294358
2022-07-12,TSLA,117.69,120.75,116.35,119.78,3343145
2022-07-13,TSLA,120.49,121.67,118.07,119.51,9127678
2022-07-14,TSLA,118.63,119.74,116.33,119.04,5732369
2022-07-15,TSLA,114.89,117.44,113.28,116.3,2551726
2022-07-18,TSLA,114.21,118.28,113.37,117.06,8789573
2022-07-19,TSLA,113.73,115.47,112.25,112.66,5872691
2022-07-20,TSLA,112.11,114.67,112.05,113.46,2881397
2022-07-21,TSLA,113.71,115.26,112.43,114.19,8188106
2022-07-22,TSLA,113.45,116.67,111.94,113.17,9260768
2022-07-25,TSLA,115.79,116.86,112.71,113.8,4772380
2022-07-26,TSLA,111.6,112.23,110.16,111.2,1209720
2022-07-27,TSLA,111.11,112.47,109.36,110.6,8900171
2022-07-28,TSLA,113.01,113.29,111.78,112.38,3780877
2022-07-29,TSLA,109.47,111.02,107.98,110.83,5825885
2022-08-01,TSLA,109.62,112.09,109.08,110.51,5361862
2022-08-02,TSLA,111.72,111.73,110.51,110.77,2594362
2022-08-03,TSLA,111.25,111.8,110.41,111.15,8451062
2022-08-04,TSLA,111.59,111.7,109.63,110.62,3222494
2022-08-05,TSLA,112.93,113.66,111.47,113.16,6518358
2022-08-08,TSLA,115.24,116.07,112.27,115.02,3135896
2022-08-09,TSLA,115.94,117.97,115.37,115.67,2278343
2022-08-10,TSLA,119.19,119.21,114.7,116.81,7036207
2022-08-11,TSLA,118.55,123.29,118.1,120.73,6018768
2022-08-12,TSLA,121.11,123.37,120.68,123.29,9641123
2022-08-15,TSLA,120.07,121.48,119.67,120.22,7403679
2022-08-16,TSLA,118.78,119.25,118.78,118.88,2863082
2022-08-17,TSLA,117.04,117.27,116.18,117.02,4044221
2022-08-18,TSLA,122.24,124.12,121.01,121.11,8710611
2022-08-19,TSLA,119.04,120.31,117.84,118.98,1277834
2022-08-22,TSLA,121.1,125.81,119.22,124.86,4244998
2022-08-23,TSLA,126.45,126.95,125.52,126.64,7134896
2022-08-24,TSLA,125.94,126.9,123.34,123.43,2886522
2022-08-25,TSLA,122.62,126.49,121.08,124.73,4931792
2022-08-26,TSLA,125.77,126.08,123.14,124.38,9694353
2022-08-29,TSLA,121.75,125.99,121.37,123.82,9809609
2022-08-30,TSLA,123.19,126.75,120.6,125.42,3958963
2022-08-31,TSLA,123.99,125.79,123.65,124.94,7917571
2022-09-01,TSLA,124.29,124.84,123.18,124.23,7664102
2022-09-02,TSLA,124.37,126.41,123.38,125.17,9277304
2022-09-05,TSLA,125.26,126.06,124.34,125.12,2615270
2022-09-06,TSLA,127.0,128.84,126.85,128.68,6783877
2022-09-07,TSLA,126.32,128.3,124.48,127.24,8750981
2022-09-08,TSLA,124.99,128.44,123.53,127.38,3834523
2022-09-09,TSLA,126.25,131.13,126.06,128.71,4833538
2022-09-12,TSLA,129.87,130.07,126.99,127.97,1941208
2022-09-13,TSLA,128.98,129.61,125.09,125.69,7537932
2022-09-14,TSLA,126.44,128.49,123.7,125.28,1441168
2022-09-15,TSLA,124.91,125.16,123.62,124.08,9399122
2022-09-16,TSLA,124.31,127.36,123.8,124.08,4783831
2022-09-19,TSLA,128.58,132.5,128.1,129.37,2350093
2022-09-20,TSLA,128.43,128.53,127.99,128.12,9868577
2022-09-21,TSLA,125.88,126.84,124.56,125.05,8381740
2022-09-22,TSLA,124.76,128.37,122.81,127.87,8122887
2022-09-23,TSLA,127.51,129.19,124.26,128.67,8578729
2022-09-26,TSLA,127.47,130.33,125.82,129.3,8313184
2022-09-27,TSLA,127.25,129.09,125.57,126.39,4550985
2022-09-28,TSLA,129.56,131.82,129.17,129.93,2900302
2022-09-29,TSLA,132.03,133.81,129.21,129.61,3241105
2022-09-30,TSLA,128.62,130.63,127.57,128.72,5826176
2022-10-03,TSLA,125.46,131.75,124.48,130.12,5589716
2022-10-04,TSLA,127.84,128.43,125.08,125.53,2093060
2022-10-05,TSLA,127.46,128.83,126.56,126.65,2995457
2022-10-06,TSLA,128.95,129.61,127.51,129.13,3145977
2022-10-07,TSLA,124.73,127.07,123.92,125.76,9905865
2022-10-10,TSLA,126.62,127.84,124.57,127.08,8318898
2022-10-11,TSLA,128.08,130.02,123.34,124.48,7107511
2022-10-12,TSLA,127.21,129.58,122.46,124.98,4993767
2022-10-13,TSLA,126.37,128.2,123.32,123.71,7636393
2022-10-14,TSLA,127.41,128.49,124.92,125.88,1524658
2022-10-17,TSLA,126.92,127.25,121.95,122.76,3603680
2022-10-18,TSLA,125.9,126.24,121.51,123.05,8793404
2022-10-19,TSLA,127.43,127.69,126.32,126.33,2264008
2022-10-20,TSLA,122.72,123.38,119.85,121.34,9601462
2022-10-21,TSLA,123.26,124.58,122.46,124.4,2133243
2022-10-24,TSLA,121.62,123.12,120.34,122.18,1617423
2022-10-25,TSLA,122.79,125.09,122.47,123.79,2465088
2022-10-26,TSLA,119.88,126.89,119.39,125.75,1586470
2022-10-27,TSLA,124.26,128.11,123.14,126.06,9512270
2022-10-28,TSLA,123.64,123.69,122.86,123.15,2104188
2022-10-31,TSLA,125.23,125.84,121.21,123.17,8185300
2022-11-01,TSLA,121.93,123.59,121.1,122.89,2349987
2022-11-02,TSLA,121.49,124.49,121.47,123.94,4980125
2022-11-03,TSLA,121.4,122.26,119.59,120.51,4890702
2022-11-04,TSLA,120.84,122.47,118.05,119.86,3949908
2022-11-07,TSLA,123.12,125.19,121.27,122.43,6462774
2022-11-08,TSLA,124.28,125.63,118.49,120.26,8527837
2022-11-09,TSLA,119.01,120.26,118.17,119.97,2258542
2022-11-10,TSLA,117.43,119.0,117.32,118.37,8414440
2022-11-11,TSLA,118.34,120.77,116.76,120.28,6393333
2022-11-14,TSLA,117.91,120.71,117.15,119.86,6900726
2022-11-15,TSLA,120.76,123.45,116.97,123.17,4242222
2022-11-16,TSLA,122.77,125.07,121.04,124.9,5812056
2022-11-17,TSLA,121.14,122.44,120.3,122.02,5261725
2022-11-18,TSLA,121.41,122.14,120.16,120.93,3976877
2022-11-21,TSLA,119.06,121.6,118.25,120.68,7825711
2022-11-22,TSLA,120.61,120.77,118.68,119.92,3985032
2022-11-23,TSLA,117.15,119.41,116.96,118.9,2629040
2022-11-24,TSLA,118.99,121.09,117.11,121.07,7185941
2022-11-25,TSLA,120.63,122.48,120.4,122.46,4050798
2022-11-28,TSLA,118.9,121.27,116.37,120.52,7525940
2022-11-29,TSLA,119.04,119.16,118.11,118.37,3085469
2022-11-30,TSLA,124.15,125.91,120.79,120.95,1533037
2022-12-01,TSLA,126.66,127.65,124.31,124.81,9644147
2022-12-02,TSLA,123.91,124.51,120.97,122.0,6234748
2022-12-05,TSLA,121.75,122.7,118.74,120.91,7101570
2022-12-06,TSLA,124.33,125.23,122.47,123.94,6897162
2022-12-07,TSLA,124.86,126.74,121.63,122.54,3074242
2022-12-08,TSLA,125.01,125.3,123.65,124.07,8458403
2022-12-09,TSLA,125.48,125.49,123.12,123.15,7903538
2022-12-12,TSLA,122.57,127.4,120.53,125.29,2792363
2022-12-13,TSLA,124.3,127.54,123.43,123.71,4478192
2022-12-14,TSLA,122.27,124.69,122.03,123.15,9151656
2022-12-15,TSLA,123.71,123.74,120.72,121.48,6046528
2022-12-16,TSLA,122.78,125.22,119.95,121.1,4578478
2022-12-19,TSLA,123.46,123.48,121.27,121.85,9927811
2022-12-20,TSLA,121.45,122.4,119.62,121.7,4452097
2022-12-21,TSLA,125.45,125.77,121.94,122.86,6387691
2022-12-22,TSLA,122.82,123.38,121.53,122.74,9557286
2022-12-23,TSLA,122.84,123.24,120.61,122.6,2358454
2022-12-26,TSLA,121.49,122.01,119.69,120.31,6010281
2022-12-27,TSLA,120.56,122.44,119.61,120.1,2726681
2022-12-28,TSLA,121.37,123.42,119.93,122.28,7087494
2022-12-29,TSLA,123.59,124.68,122.53,124.48,6306175
2022-12-30,TSLA,123.03,125.66,121.27,123.85,3473055
2023-01-02,TSLA,121.53,125.7,121.14,124.97,4070610
2023-01-03,TSLA,120.71,126.87,118.6,125.91,4335705
2023-01-04,TSLA,125.67,128.26,124.47,126.82,3995035
2023-01-05,TSLA,125.43,126.08,123.17,124.49,4958905
2023-01-06,TSLA,123.64,126.64,123.04,124.8,8273820
2023-01-09,TSLA,119.09,121.86,118.95,120.29,2723480
2023-01-10,TSLA,126.63,130.2,124.1,125.76,2000294
2023-01-11,TSLA,126.24,127.57,124.32,127.33,9565873
2023-01-12,TSLA,129.7,130.33,124.0,127.65,2511710
2023-01-13,TSLA,128.12,128.47,126.93,127.17,9356164
2023-01-16,TSLA,128.01,128.49,126.33,127.13,3760451
2023-01-17,TSLA,124.96,129.42,124.82,128.44,4904840
2023-01-18,TSLA,128.03,129.05,126.87,127.51,3933361
2023-01-19,TSLA,127.09,127.12,125.76,126.63,1921806
2023-01-20,TSLA,126.09,127.53,125.39,127.2,8157303
2023-01-23,TSLA,121.67,123.92,120.41,123.22,2724620
2023-01-24,TSLA,124.52,126.89,122.07,123.06,9093068
2023-01-25,TSLA,129.38,131.27,129.25,130.45,7251936
2023-01-26,TSLA,130.96,131.78,130.54,130.91,3282373
2023-01-27,TSLA,130.68,130.74,127.83,129.43,4606940
2023-01-30,TSLA,129.58,131.77,129.42,130.33,3988088
2023-01-31,TSLA,124.93,127.72,123.48,127.47,5985248
2023-02-01,TSLA,124.82,127.14,124.04,126.73,4594128
2023-02-02,TSLA,124.63,129.35,123.97,128.61,3765013
2023-02-03,TSLA,126.62,129.75,126.05,128.08,4346668
2023-02-06,TSLA,128.81,130.01,124.84,127.21,8851746
2023-02-07,TSLA,121.51,125.18,121.17,125.01,1864899
2023-02-08,TSLA,124.8,125.49,122.83,123.86,2560121
2023-02-09,TSLA,122.25,124.21,121.19,121.95,8747156
2023-02-10,TSLA,125.44,126.82,120.1,121.85,8902634
2023-02-13,TSLA,118.79,119.4,117.16,118.72,2215442
2023-02-14,TSLA,117.06,118.27,116.74,118.23,8506161
2023-02-15,TSLA,117.29,120.94,115.22,119.81,1483791
2023-02-16,TSLA,116.8,119.29,116.31,119.07,9998934
2023-02-17,TSLA,114.93,122.46,112.53,119.33,4726904
2023-02-20,TSLA,117.09,122.99,116.67,121.03,4934740
2023-02-21,TSLA,119.14,120.9,118.9,120.0,4959015
2023-02-22,TSLA,118.7,121.15,118.21,120.01,3237699
2023-02-23,TSLA,123.23,124.09,121.45,121.79,5978234
2023-02-24,TSLA,120.26,121.05,119.75,120.21,9136537
2023-02-27,TSLA,120.51,122.64,118.69,119.63,6386452
2023-02-28,TSLA,117.09,118.38,114.7,118.34,2034780
2023-03-01,TSLA,114.66,117.0,113.84,115.05,5758669
2023-03-02,TSLA,115.08,116.08,114.96,115.97,5187442
2023-03-03,TSLA,113.94,115.19,112.69,112.76,5495433
2023-03-06,TSLA,109.0,109.69,108.77,109.26,7911596
2023-03-07,TSLA,110.6,112.27,109.21,112.17,9485356
2023-03-08,TSLA,113.12,113.85,108.91,110.12,4703713
2023-03-09,TSLA,112.13,113.06,109.93,110.11,5253459
2023-03-10,TSLA,112.77,115.15,110.9,111.07,4993611
2023-03-13,TSLA,114.79,116.43,114.42,115.35,7024945
2023-03-14,TSLA,115.6,117.04,109.89,112.4,8406465
2023-03-15,TSLA,113.51,113.97,112.01,113.41,9910335
2023-03-16,TSLA,114.23,115.01,113.79,114.22,5605677
2023-03-17,TSLA,115.46,116.63,114.46,115.99,3494903
2023-03-20,TSLA,115.91,119.79,113.47,118.82,5862944
2023-03-21,TSLA,114.51,116.0,114.42,115.66,9284742
2023-03-22,TSLA,113.87,116.05,113.44,115.92,6252279
2023-03-23,TSLA,113.82,117.17,113.55,116.45,1053010
2023-03-24,TSLA,115.41,116.37,112.1,114.11,1903057
2023-03-27,TSLA,117.27,117.37,116.13,116.68,4631097
2023-03-28,TSLA,116.51,119.32,116.31,118.3,4388284
2023-03-29,TSLA,116.87,118.21,113.72,114.48,7401391
2023-03-30,TSLA,114.53,116.11,112.71,115.74,1960655
2023-03-31,TSLA,114.22,115.69,111.77,112.94,5450696
2023-04-03,TSLA,117.15,117.24,114.02,115.94,8128080
2023-04-04,TSLA,117.71,119.07,117.56,117.82,9404196
2023-04-05,TSLA,117.64,119.32,115.93,116.01,8931827
2023-04-06,TSLA,116.23,117.58,115.27,116.73,7084556
2023-04-07,TSLA,116.63,118.64,115.8,118.09,9510974
2023-04-10,TSLA,119.37,120.4,114.39,115.99,5729124
2023-04-11,TSLA,120.55,121.75,118.13,118.32,3011562
2023-04-12,TSLA,119.59,120.49,118.03,119.25,1216194
2023-04-13,TSLA,118.23,120.17,116.0,116.44,5857162
2023-04-14,TSLA,117.22,121.17,116.46,119.17,2564458
2023-04-17,TSLA,119.44,121.81,118.52,119.76,1986275
2023-04-18,TSLA,119.42,123.51,118.71,122.82,2348483
2023-04-19,TSLA,121.95,122.7,121.17,122.37,9420149
2023-04-20,TSLA,121.61,122.99,121.16,122.01,5863099
2023-04-21,TSLA,120.54,121.39,120.21,120.36,8767227
2023-04-24,TSLA,118.5,119.52,117.8,118.67,3819127
2023-04-25,TSLA,117.72,122.86,116.71,120.05,9651964
2023-04-26,TSLA,118.88,122.04,118.63,120.98,5777376
2023-04-27,TSLA,121.13,121.26,119.2,119.75,4786065
2023-04-28,TSLA,118.16,120.32,117.04,119.4,3105777
2023-05-01,TSLA,120.63,120.99,119.19,119.85,6276085
2023-05-02,TSLA,121.14,122.64,118.7,118.73,2280280
2023-05-03,TSLA,118.56,122.23,116.68,121.3,4727661
2023-05-04,TSLA,125.0,126.79,120.28,121.85,4078882
2023-05-05,TSLA,122.47,125.43,121.68,124.39,4193796
2023-05-08,TSLA,125.43,126.58,124.56,124.67,5062118
2023-05-09,TSLA,122.66,125.09,120.78,123.55,8284390
2023-05-10,TSLA,125.38,127.01,121.1,122.92,3251347
2023-05-11,TSLA,119.09,122.92,117.97,120.23,2965629
2023-05-12,TSLA,122.09,122.69,118.09,118.85,3363319
2023-05-15,TSLA,121.76,122.69,120.2,122.67,6472646
2023-05-16,TSLA,120.25,121.76,119.17,119.42,8012022
2023-05-17,TSLA,117.21,119.1,116.01,117.37,3097951
2023-05-18,TSLA,115.93,119.64,115.0,119.05,7378384
2023-05-19,TSLA,121.96,123.38,119.53,121.45,9218616
